pmcid,journal,year,license,file,ext,bytes,class,kind,native,n_tables,max_rows,max_cols,numfrac,genefrac,tcga_ids,derived,header
PMC6294341,Nat Commun,2018,cc by,41467_2018_7659_MOESM1_ESM.pdf,.pdf,4662554,document,,False,0,,,,,,,
PMC6294341,Nat Commun,2018,cc by,41467_2018_7659_MOESM4_ESM.xlsx,.xlsx,50064,dataset_medium,numeric,True,1,84,11,0.63,0.0,0,False,Drug Disease_Same Disease_Opp Disease_Discordance Gemcitabine_Concordance Drug_Repurposing_Hub CLUE Manual G76_Discordance_Normalized Gemcitabine_Concordance_Normalized Orthogonality Score
PMC6294341,Nat Commun,2018,cc by,41467_2018_7659_MOESM5_ESM.xlsx,.xlsx,117772,dataset_medium,numeric,True,5,199,15,0.93,0.01,0,False,Compound Average % Cell Death Standard Deviation
PMC6294341,Nat Commun,2018,cc by,41467_2018_7659_MOESM7_ESM.xlsx,.xlsx,52148,dataset_large,mixed,True,1,1589,3,0.33,0.2,0,False,Names T Curated_MOA
PMC6294341,Nat Commun,2018,cc by,41467_2018_7659_MOESM8_ESM.xlsx,.xlsx,49025,dataset_medium,mixed,True,12,51,5,0.49,0.0,0,False,Reference Drug Top Ranked Drug TCS Concordance Ratio Permutation p-value
PMC6294341,Nat Commun,2018,cc by,41467_2018_7659_MOESM10_ESM.pdf,.pdf,72628,document,,False,0,,,,,,,
PMC6294341,Nat Commun,2018,cc by,41467_2018_7659_MOESM6_ESM.xlsx,.xlsx,106289,dataset_large,mixed,True,1,5120,2,0.0,0.0,0,False,BROAD ID Curated_MOA
PMC6294341,Nat Commun,2018,cc by,41467_2018_7659_MOESM2_ESM.pdf,.pdf,463860,document,,False,0,,,,,,,
PMC6294341,Nat Commun,2018,cc by,41467_2018_7659_MOESM3_ESM.docx,.docx,14778,document,,False,0,,,,,,,
PMC6294341,Nat Commun,2018,cc by,41467_2018_7659_MOESM9_ESM.xlsx,.xlsx,449601,dataset_large,numeric,True,6,1681,26,0.87,0.2,0,False,GBM CRC BRCA
PMC6303422,Neuro Oncol,2019,cc by-nc,noy091_suppl_supplement_tables.docx,.docx,23199,document,,False,0,,,,,,,
PMC5537714,Mol Oncol,2017,cc by,NIHMS886924-supplement-Suppl__1.pdf,.pdf,0,document,,False,0,,,,,,,
PMC8694557,Cancer Res Commun,2021,cc by,crc-21-0026-s01.docx,.docx,3690969,small_table,numeric,False,7,45,4,0.73,0.0,0,True,Enrichment FDR Genes in list Total genes Functional Category
PMC8072233,Proc Natl Acad Sci U S A,2021,cc by-nc-nd,pnas.2017148118.sapp.pdf,.pdf,2226779,document,,False,0,,,,,,,
PMC5589661,Oncotarget,2017,cc by,oncotarget-08-55319-s001.pdf,.pdf,2342435,document,,False,0,,,,,,,
PMC7705378,Front Oncol,2020,cc by,Data_Sheet_1.PDF,.pdf,849701,small_table,mixed,False,1,14,5,0.5,0.0,0,False,"Age Group Number of
cystic GBM
(n=87)* CBTRUS
count**
(n=8665) Age-adjusted
SP rate
(CBTRUS)***"
PMC9415780,Metabolites,2022,cc by,metabolites-12-00748-s001.zip,.zip,135190,other,,False,0,,,,,,,
PMC6938467,J Neurooncol,2020,cc by,11060_2019_3337_MOESM1_ESM.docx,.docx,163857,document,,False,0,,,,,,,
PMC5708878,NPJ Precis Oncol,2017,cc by,41698_2017_20_MOESM1_ESM.docx,.docx,1019785,small_table,numeric,False,1,12,9,0.53,0.45,0,False, Univariate analysis Univariate analysis Univariate analysis Univariate analysis Multivariate analysis Multivariate analysis Multivariate analysis Multivariate analysis
PMC8455367,Mol Ther Oncolytics,2021,cc by-nc-nd,mmc1.pdf,.pdf,504603,document,,False,0,,,,,,,
PMC8455367,Mol Ther Oncolytics,2021,cc by-nc-nd,mmc2.pdf,.pdf,2504044,document,,False,0,,,,,,,
PMC5858166,Theranostics,2018,cc by-nc,thnov08p1540s1.pdf,.pdf,979907,document,,False,0,,,,,,,
PMC8938495,Nat Commun,2022,cc by,41467_2022_29137_MOESM2_ESM.pdf,.pdf,1803237,document,,False,0,,,,,,,
PMC8938495,Nat Commun,2022,cc by,41467_2022_29137_MOESM4_ESM.xlsx,.xlsx,45892880,empty_or_text,,True,0,,,,,,,
PMC8938495,Nat Commun,2022,cc by,41467_2022_29137_MOESM1_ESM.pdf,.pdf,4408244,document,,False,0,,,,,,,
PMC8938495,Nat Commun,2022,cc by,41467_2022_29137_MOESM3_ESM.pdf,.pdf,1227871,document,,False,0,,,,,,,
PMC7680176,Neurooncol Adv,2020,cc by-nc,vdaa132_suppl_supplementary_table_1.docx,.docx,36270,dataset_medium,mixed,False,1,206,4,0.49,0.05,0,False,MDA-GSC231 MDA-GSC231 MDA-GSC231 MDA-GSC231
PMC7680176,Neurooncol Adv,2020,cc by-nc,vdaa132_suppl_supplementary_figures.docx,.docx,740523,document,,False,0,,,,,,,
PMC7516378,Mol Syst Biol,2020,cc by,MSB-16-e9506-s005.pdf,.pdf,1552089,document,,False,0,,,,,,,
PMC7516378,Mol Syst Biol,2020,cc by,MSB-16-e9506-s002.docx,.docx,14935,document,,False,0,,,,,,,
PMC7516378,Mol Syst Biol,2020,cc by,MSB-16-e9506-s003.xlsx,.xlsx,13812,dataset_medium,omics,True,2,51,6,0.53,1.0,0,True,TF p.value p.adj mostDependentSubtype meanDenpendencyScore deviationFromOverallMean
PMC7516378,Mol Syst Biol,2020,cc by,MSB-16-e9506-s004.xlsx,.xlsx,38473,dataset_medium,omics,True,2,506,4,0.75,1.0,0,False,TF Classical Proneural Mesenchymal
PMC7516378,Mol Syst Biol,2020,cc by,MSB-16-e9506-s001.pdf,.pdf,4952851,document,,False,0,,,,,,,
PMC7855796,Nat Biomed Eng,2021,,NIHMS1625583-supplement-1.pdf,.pdf,0,document,,False,0,,,,,,,
PMC9388138,Proc Natl Acad Sci U S A,2022,cc by,pnas.2112006119.sapp.pdf,.pdf,5529972,document,,False,0,,,,,,,
PMC6192988,Nat Commun,2018,cc by,41467_2018_6182_MOESM2_ESM.pdf,.pdf,903877,document,,False,0,,,,,,,
PMC6192988,Nat Commun,2018,cc by,41467_2018_6182_MOESM1_ESM.pdf,.pdf,120731,document,,False,0,,,,,,,
PMC7744081,Sci Adv,2020,cc by-nc,supp_6_51_eabc0221__index.html,.html,1948,other,,False,0,,,,,,,
PMC7744081,Sci Adv,2020,cc by-nc,abc0221_Table_S2.xlsx,.xlsx,146472,dataset_medium,omics,True,2,605,17,0.76,0.0,0,False,reference Gene Symbol IP Annotation MWT(kDa) Unique IgG_C Total IgG_C Unique abDICER_C Total abDICER_C Unique IgG_N Total IgG_N Unique abDICER_N Total abDICER_N Sum Intensity IgG_C Sum Intensity abDIC
PMC7744081,Sci Adv,2020,cc by-nc,abc0221_Table_S1.xlsx,.xlsx,314370,dataset_large,numeric,True,4,801,19,0.79,0.0,0,False,Gene Name accession number Target Sequence ID G033 G034 G035 G062 G088 G006 G002 G044 G0146 G0157 N008 N002 N007 N027 N205
PMC7744081,Sci Adv,2020,cc by-nc,abc0221_Table_S3.xlsx,.xlsx,89376,dataset_large,omics,True,1,1698,8,0.87,1.0,0,False,target gene hsa-miR-1 hsa-miR-10b hsa-miR-124a hsa-miR-128a hsa-miR-128b hsa-miR-21 hsa-miR-31
PMC7744081,Sci Adv,2020,cc by-nc,supp_6_51_eabc0221__1.pdf,.pdf,2325587,document,,False,0,,,,,,,
PMC7744081,Sci Adv,2020,cc by-nc,abc0221_SM.pdf,.pdf,2325587,document,,False,0,,,,,,,
PMC8953329,Pharmaceutics,2022,cc by,pharmaceutics-14-00655-s001.zip,.zip,2042244,other,,False,0,,,,,,,
PMC5753254,Nucleic Acids Res,2018,cc by-nc,gkx892_supp.xlsx,.xlsx,36507,small_table,omics,True,1,33,5,0.49,1.0,0,False,Tumor_type Tumor No. Sum
PMC8410792,Nat Commun,2021,cc by,41467_2021_25501_MOESM1_ESM.pdf,.pdf,5335490,document,,False,0,,,,,,,
PMC8410792,Nat Commun,2021,cc by,41467_2021_25501_MOESM3_ESM.pdf,.pdf,350553,document,,False,0,,,,,,,
PMC8410792,Nat Commun,2021,cc by,41467_2021_25501_MOESM4_ESM.zip,.zip,2444130,other,,False,0,,,,,,,
PMC8410792,Nat Commun,2021,cc by,41467_2021_25501_MOESM2_ESM.pdf,.pdf,242110,document,,False,0,,,,,,,
PMC8183210,J Immunother Cancer,2021,cc by,jitc-2020-002181supp010.pdf,.pdf,93030,document,,False,0,,,,,,,
PMC8183210,J Immunother Cancer,2021,cc by,jitc-2020-002181supp005.pdf,.pdf,188731,document,,False,0,,,,,,,
PMC8183210,J Immunother Cancer,2021,cc by,jitc-2020-002181supp006.pdf,.pdf,2480098,document,,False,0,,,,,,,
PMC8183210,J Immunother Cancer,2021,cc by,jitc-2020-002181supp008.pdf,.pdf,223492,document,,False,0,,,,,,,
PMC8183210,J Immunother Cancer,2021,cc by,jitc-2020-002181supp011.pdf,.pdf,492102,document,,False,0,,,,,,,
PMC8183210,J Immunother Cancer,2021,cc by,jitc-2020-002181supp009.pdf,.pdf,95406,document,,False,0,,,,,,,
PMC8183210,J Immunother Cancer,2021,cc by,jitc-2020-002181supp004.pdf,.pdf,669037,document,,False,0,,,,,,,
PMC8183210,J Immunother Cancer,2021,cc by,jitc-2020-002181supp002.pdf,.pdf,115622,document,,False,0,,,,,,,
PMC8183210,J Immunother Cancer,2021,cc by,jitc-2020-002181supp001.pdf,.pdf,167022,document,,False,0,,,,,,,
PMC8183210,J Immunother Cancer,2021,cc by,jitc-2020-002181supp003.pdf,.pdf,859144,document,,False,0,,,,,,,
PMC8183210,J Immunother Cancer,2021,cc by,jitc-2020-002181supp007.pdf,.pdf,68522,document,,False,0,,,,,,,
PMC6399291,Cell Death Dis,2019,cc by,41419_2019_1452_MOESM6_ESM.pdf,.pdf,423360,document,,False,0,,,,,,,
PMC6399291,Cell Death Dis,2019,cc by,41419_2019_1452_MOESM2_ESM.pdf,.pdf,1457694,document,,False,0,,,,,,,
PMC6399291,Cell Death Dis,2019,cc by,41419_2019_1452_MOESM3_ESM.pdf,.pdf,1354933,document,,False,0,,,,,,,
PMC6399291,Cell Death Dis,2019,cc by,41419_2019_1452_MOESM4_ESM.pdf,.pdf,892180,document,,False,0,,,,,,,
PMC6399291,Cell Death Dis,2019,cc by,41419_2019_1452_MOESM1_ESM.docx,.docx,20247,document,,False,0,,,,,,,
PMC6399291,Cell Death Dis,2019,cc by,41419_2019_1452_MOESM5_ESM.pdf,.pdf,2650393,document,,False,0,,,,,,,
PMC5078085,Oncotarget,2016,cc by,oncotarget-07-33192-s001.pdf,.pdf,1409864,document,,False,0,,,,,,,
PMC5682287,Nat Commun,2017,cc by,41467_2017_1731_MOESM1_ESM.pdf,.pdf,677684,document,,False,0,,,,,,,
PMC5682287,Nat Commun,2017,cc by,41467_2017_1731_MOESM2_ESM.pdf,.pdf,161806,document,,False,0,,,,,,,
PMC8809358,J Biomed Opt,2022,cc by,JBO_027_020501_SD001.mp4,.mp4,27649462,media,,False,0,,,,,,,
PMC8809358,J Biomed Opt,2022,cc by,JBO_027_020501_SD001.pdf,.pdf,348534,document,,False,0,,,,,,,
PMC8809358,J Biomed Opt,2022,cc by,JBO_027_020501_SD002.mp4,.mp4,27815271,media,,False,0,,,,,,,
PMC8181388,Front Oncol,2021,cc by,DataSheet_1.docx,.docx,998225,small_table,mixed,False,1,45,10,0.44,0.0,0,False,"    τm, ns τ1, ns τ2, ns a1, % a2, % a1/a2"
PMC9133650,J Biol Chem,2022,cc by,mmc1.pdf,.pdf,78293,document,,False,0,,,,,,,
PMC9133650,J Biol Chem,2022,cc by,mmc2.pdf,.pdf,163485,document,,False,0,,,,,,,
PMC5464843,Oncotarget,2017,cc by,oncotarget-08-32977-s001.pdf,.pdf,3261957,document,,False,0,,,,,,,
PMC7464128,Molecules,2020,cc by,molecules-25-03672-s001.pdf,.pdf,553494,document,,False,0,,,,,,,
PMC8865426,Cell Rep Methods,2022,cc by,mmc3.pdf,.pdf,19363028,document,,False,0,,,,,,,
PMC8865426,Cell Rep Methods,2022,cc by,mmc2.xlsx,.xlsx,109857,dataset_medium,omics,True,6,82,1025,0.67,0.62,0,False,Table S1B: Results from the benchmark analysis for the various methods.
PMC8865426,Cell Rep Methods,2022,cc by,mmc1.pdf,.pdf,12276893,small_table,numeric,False,1,35,16,1.0,0.0,0,False, 1   1   1   1    1 
PMC5777496,Neuro Oncol,2018,cc by-nc,nox154_suppl_supplementary_material.docx,.docx,30451,document,,False,0,,,,,,,
PMC7549116,iScience,2020,cc by-nc-nd,mmc3.flv,.flv,2669532,other,,False,0,,,,,,,
PMC7549116,iScience,2020,cc by-nc-nd,mmc2.flv,.flv,3325471,other,,False,0,,,,,,,
PMC7549116,iScience,2020,cc by-nc-nd,mmc5.flv,.flv,3239506,other,,False,0,,,,,,,
PMC7549116,iScience,2020,cc by-nc-nd,mmc4.flv,.flv,3590685,other,,False,0,,,,,,,
PMC7549116,iScience,2020,cc by-nc-nd,mmc1.pdf,.pdf,5587836,document,,False,0,,,,,,,
PMC5653749,Sci Rep,2017,cc by,41598_2017_14079_MOESM1_ESM.doc,.doc,6585856,document,,False,0,,,,,,,
PMC7424213,iScience,2020,cc by-nc-nd,mmc3.xlsx,.xlsx,123580,dataset_medium,numeric,True,2,508,24,0.71,0.0,0,False,Positively upregulated GO Term gene sets in ECs after GBM8 EV(+) CM culture  Positively upregulated GO Term gene sets in ECPs after GBM8 EV(+) CM culture  Positively upregulated GO Term gene sets in H
PMC7424213,iScience,2020,cc by-nc-nd,mmc2.xlsx,.xlsx,44175,tiny_table,mixed,True,2,9,6,0.0,0.0,0,False,Genbank Gene Forward Primer Reverse Primer
PMC7424213,iScience,2020,cc by-nc-nd,mmc1.pdf,.pdf,629679,document,,False,0,,,,,,,
PMC5409528,PLoS One,2017,cc0,pone.0176599.s007.pdf,.pdf,1511707,document,,False,0,,,,,,,
PMC5865692,Oncotarget,2018,cc by,oncotarget-09-14597-s001.pdf,.pdf,5634774,document,,False,0,,,,,,,
PMC5444266,Brief Bioinform,2017,cc by-nc,bbw016_supp.docx,.docx,788121,document,,False,0,,,,,,,
PMC5739739,Oncotarget,2017,cc by,oncotarget-08-106352-s001.pdf,.pdf,743766,document,,False,0,,,,,,,
PMC8193903,Neurooncol Adv,2021,cc by-nc,vdab060_suppl_supplementary_materials.docx,.docx,215883,document,,False,0,,,,,,,
PMC7738877,Theranostics,2021,cc by,thnov11p1295s1.pdf,.pdf,958560,document,,False,0,,,,,,,
PMC5384647,Nature,2016,,NIHMS740731-supplement-supp_tables1-4.xlsx,.xlsx,12816214,dataset_medium,mixed,True,4,266,15,0.4,0.0,0,False,Supplementary Table 1. List of peptides recovered after LC-MS/MS of ID2 complexes
PMC5384647,Nature,2016,,NIHMS740731-supplement-supp_sourcedata.xlsx,.xlsx,43437,small_table,mixed,True,2,24,8,0.11,0.0,0,False,Vector Plus Doxy Tumor volume (W x L mm)
PMC5384647,Nature,2016,,NIHMS740731-supplement-supp_fig1.pdf,.pdf,5721932,document,,False,0,,,,,,,
PMC4914999,Sci Rep,2016,cc by,srep28388-s2.doc,.doc,0,document,,False,0,,,,,,,
PMC6174845,Mol Ther Oncolytics,2018,cc by-nc-nd,mmc4.pdf,.pdf,5871258,document,,False,0,,,,,,,
PMC6174845,Mol Ther Oncolytics,2018,cc by-nc-nd,mmc3.mp4,.mp4,1649415,media,,False,0,,,,,,,
PMC6174845,Mol Ther Oncolytics,2018,cc by-nc-nd,mmc1.pdf,.pdf,2022626,document,,False,0,,,,,,,
PMC6174845,Mol Ther Oncolytics,2018,cc by-nc-nd,mmc2.mp4,.mp4,2479810,media,,False,0,,,,,,,
PMC6249307,Nat Commun,2018,cc by,41467_2018_7334_MOESM1_ESM.pdf,.pdf,1130004,document,,False,0,,,,,,,
PMC6249307,Nat Commun,2018,cc by,41467_2018_7334_MOESM5_ESM.xlsx,.xlsx,1041888,dataset_large,numeric,True,1,5003,18,0.89,0.0,0,False,Ensembl_ID GeneSymbol P_0005 P_0006 P_0007 P_0008 U_0010 U_0011 U_0012 U_0013 L_0014 L_0015 L_0016 L_0017 H_0018 H_0019 H_0020 H_0021
PMC6249307,Nat Commun,2018,cc by,41467_2018_7334_MOESM3_ESM.xlsx,.xlsx,177816,dataset_medium,omics,True,2,211,48,0.89,1.0,0,False,Gene name Protein name Uniprot ID Peptide Position peptide CLUSTER membership E2_Veh_4 E1_Veh_1 E2_Veh_1 E2_Veh_2 E2_Veh_3 E1_5mpk_1 E1_5mpk_2 E1_5mpk_3 E2_5mpk_3 E2_5mpk_4 E1_33mpk_1 E1_33mpk_2 E1_33
PMC6249307,Nat Commun,2018,cc by,41467_2018_7334_MOESM4_ESM.xlsx,.xlsx,54171,dataset_medium,omics,True,1,211,18,0.88,1.0,0,False,Gene name Peptide Geo Avg. E1 E2 E2_Veh_2 E2_Veh_3 E2_Veh_4 E1_5mpk_1 E1_5mpk_2 Geo Avg. E1 E2 E2_5mpk_4 E1_33mpk_1 E1_33mpk_2 Geo Avg. E1 E2 E2_33mpk_4 E1_100mpk_1 E1_100mpk_2 Geo Avg. E1 E2 E2_100mp
PMC6249307,Nat Commun,2018,cc by,41467_2018_7334_MOESM2_ESM.docx,.docx,13535,document,,False,0,,,,,,,
PMC6987220,Nat Commun,2020,cc by,41467_2020_14312_MOESM2_ESM.pdf,.pdf,27000,document,,False,0,,,,,,,
PMC6987220,Nat Commun,2020,cc by,41467_2020_14312_MOESM5_ESM.xlsx,.xlsx,700125,dataset_large,omics,True,3,427,75,0.8,0.98,0,False,0_names 0_scores 0_logfoldchanges 0_pvals 0_pvals_adj 1_names 1_scores 1_logfoldchanges 1_pvals 1_pvals_adj 2_names 2_scores 2_logfoldchanges 2_pvals 2_pvals_adj 3_names 3_scores 3_logfoldchanges 3_pv
PMC6987220,Nat Commun,2020,cc by,41467_2020_14312_MOESM3_ESM.pdf,.pdf,70106,document,,False,0,,,,,,,
PMC6987220,Nat Commun,2020,cc by,41467_2020_14312_MOESM6_ESM.xlsx,.xlsx,149794,dataset_medium,mixed,True,2,511,9,0.33,0.0,0,True,GroupID Category Term Description LogP Log(q-value) InTerm_InList Genes Symbols
PMC6987220,Nat Commun,2020,cc by,41467_2020_14312_MOESM8_ESM.xlsx,.xlsx,21013,small_table,numeric,True,9,35,15,0.91,0.0,0,False,NPC WT
PMC6987220,Nat Commun,2020,cc by,41467_2020_14312_MOESM7_ESM.pdf,.pdf,1711071,document,,False,0,,,,,,,
PMC6987220,Nat Commun,2020,cc by,41467_2020_14312_MOESM4_ESM.xlsx,.xlsx,24111,dataset_medium,omics,True,3,152,5,0.0,1.0,0,False,IG1.S S G2M M M.G1
PMC6987220,Nat Commun,2020,cc by,41467_2020_14312_MOESM1_ESM.pdf,.pdf,2829190,document,,False,0,,,,,,,
PMC6624304,Sci Rep,2019,cc by,41598_2019_46296_MOESM1_ESM.docx,.docx,87992,small_table,mixed,False,4,19,5,0.38,0.0,0,False,Patient #biopsy samples ML-PI PI ML
PMC6033343,Oncotarget,2018,cc by,oncotarget-09-28421-s001.pdf,.pdf,572433,document,,False,0,,,,,,,
PMC9700385,Neurooncol Adv,2022,cc by,vdac172_suppl_supplementary_data_s2.docx,.docx,54135,document,,False,0,,,,,,,
PMC9700385,Neurooncol Adv,2022,cc by,vdac172_suppl_supplementary_data_s3.docx,.docx,21020,document,,False,0,,,,,,,
PMC9700385,Neurooncol Adv,2022,cc by,vdac172_suppl_supplementary_data_s1.docx,.docx,9655375,document,,False,0,,,,,,,
PMC5042015,Oncotarget,2016,cc by,oncotarget-07-26793-s001.pdf,.pdf,1550085,document,,False,0,,,,,,,
PMC7083912,Sci Rep,2020,cc by,41598_2020_61736_MOESM1_ESM.pdf,.pdf,2129836,document,,False,0,,,,,,,
PMC5564707,Oncotarget,2017,cc by,oncotarget-08-48545-s001.pdf,.pdf,8456686,document,,False,0,,,,,,,
PMC5564707,Oncotarget,2017,cc by,oncotarget-08-48545-s003.xlsx,.xlsx,9724005,dataset_large,omics,True,5,14869,20,0.75,0.98,0,True,Symbol logFC logCPM PValue FDR sig 131-478-1.normCPM 131-478-2.normCPM 131-NSC-1.normCPM 131-NSC-2.normCPM 131-478-1.raw 131-478-2.raw 131-NSC-1.raw 131-NSC-2.raw description chromosome type_of_gene G
PMC5564707,Oncotarget,2017,cc by,oncotarget-08-48545-s002.xlsx,.xlsx,10906,small_table,mixed,True,2,13,9,0.05,0.0,0,False,"131 NF1, PTEN, RB1, TP53"
PMC6286748,Oxid Med Cell Longev,2018,cc by,9146528.f1.docx,.docx,73164959,document,,False,0,,,,,,,
PMC8920333,J Clin Invest,2022,cc by,jci-132-143397-s190.pdf,.pdf,14093215,document,,False,0,,,,,,,
PMC9033827,Nat Commun,2022,cc by,41467_2022_29884_MOESM6_ESM.pdf,.pdf,3684826,document,,False,0,,,,,,,
PMC9033827,Nat Commun,2022,cc by,41467_2022_29884_MOESM8_ESM.xlsx,.xlsx,10109817,dataset_large,omics,True,18,48227,17,0.92,0.76,0,True,Gene Symbol ID nc Avg (log2) znf117 Avg (log2) actual.fold.change  P-val rank actual.q.value
PMC9033827,Nat Commun,2022,cc by,41467_2022_29884_MOESM2_ESM.docx,.docx,60778,document,,False,0,,,,,,,
PMC9033827,Nat Commun,2022,cc by,41467_2022_29884_MOESM5_ESM.xlsx,.xlsx,53320,dataset_medium,mixed,True,1,334,20,0.31,0.0,0,False,Table S6. ChIP-seq analysis
PMC9033827,Nat Commun,2022,cc by,41467_2022_29884_MOESM1_ESM.pdf,.pdf,3741081,dataset_large,omics,False,1,1804,10,0.36,1.0,0,True,"siRNA ID Gene Symbol Plate PlateID WellRef Cells
Analysed Nes+
(%) Growth
inhibition (%)"
PMC9033827,Nat Commun,2022,cc by,41467_2022_29884_MOESM4_ESM.xlsx,.xlsx,2571767,dataset_large,numeric,True,1,11704,15,0.7,0.0,0,False,Table S5. cDNA array analysis （Two side，modified）
PMC9033827,Nat Commun,2022,cc by,41467_2022_29884_MOESM7_ESM.pdf,.pdf,3424911,document,,False,0,,,,,,,
PMC9033827,Nat Commun,2022,cc by,41467_2022_29884_MOESM3_ESM.xlsx,.xlsx,4456533,dataset_large,numeric,True,1,18127,24,0.67,0.0,0,False,Table S1. Genome wide screen
PMC9370342,Nanomaterials (Basel),2022,cc by,nanomaterials-12-02645-s001.zip,.zip,4808858,other,,False,0,,,,,,,
PMC5854509,Oncogene,2018,,NIHMS908834-supplement-1.pdf,.pdf,0,document,,False,0,,,,,,,
PMC7162859,Sci Rep,2020,cc by,41598_2020_63494_MOESM1_ESM.docx,.docx,1305877,document,,False,0,,,,,,,
PMC5696472,Sci Rep,2017,cc by,41598_2017_16066_MOESM1_ESM.pdf,.pdf,16328394,dataset_medium,numeric,False,1,65,30,0.92,0.0,0,False, #   Clone ID   Round 6   Round 9   Round S.6   Round S.7   Round S.8   Round S.9   Round RS.6   Total 
PMC8136167,Genome Med,2021,cc by,13073_2021_906_MOESM1_ESM.xlsx,.xlsx,24680,small_table,omics,True,8,27,11,0.14,0.85,0,False,Name Location Diagnosis Primary or Recurrence # SS2 cells passing QC # 10X cells passing QC IDH EGFR MET MGMT Other mutations
PMC8136167,Genome Med,2021,cc by,13073_2021_906_MOESM3_ESM.pdf,.pdf,17157364,document,,False,0,,,,,,,
PMC8136167,Genome Med,2021,cc by,13073_2021_906_MOESM4_ESM.xlsx,.xlsx,940934,dataset_large,omics,True,17,16288,3,0.67,1.0,0,False,Gene Differential HLA II Expression t-statistic magnitude
PMC8136167,Genome Med,2021,cc by,13073_2021_906_MOESM2_ESM.xlsx,.xlsx,29816,dataset_medium,omics,True,2,216,4,0.75,1.0,0,False,Table S3: Mesenchymal subtype gene expression. 
PMC9413444,ACS Nano,2022,cc by-nc-nd,nn1c10034_si_001.pdf,.pdf,908304,document,,False,0,,,,,,,
PMC9308199,BMC Med Imaging,2022,cc by,12880_2022_849_MOESM1_ESM.pdf,.pdf,1727517,document,,False,0,,,,,,,
PMC6193287,Acta Neuropathol Commun,2018,cc by,40478_2018_613_MOESM3_ESM.xlsx,.xlsx,11472,small_table,mixed,True,1,27,5,0.0,0.0,0,False,TERTp status MGH case number PI3K alteration COSMIC TumorPortal
PMC6193287,Acta Neuropathol Commun,2018,cc by,40478_2018_613_MOESM1_ESM.docx,.docx,14585,document,,False,0,,,,,,,
PMC6193287,Acta Neuropathol Commun,2018,cc by,40478_2018_613_MOESM2_ESM.xlsx,.xlsx,20535,dataset_medium,clinical,True,1,122,12,0.08,0.99,0,True,Case number Sex Age  Location IDH/TERT status PI3K pathway  MGMT promoter  ATRX IHC  Snapshot data Recurrent  Follow up status  Solid fusion panel 
PMC8727395,Support Care Cancer,2022,cc by,520_2021_6514_MOESM1_ESM.docx,.docx,16915,document,,False,0,,,,,,,
PMC6197705,EBioMedicine,2018,cc by-nc-nd,mmc1.pdf,.pdf,3940115,document,,False,0,,,,,,,
PMC6197705,EBioMedicine,2018,cc by-nc-nd,mmc2.docx,.docx,48251,dataset_medium,omics,False,2,98,10,0.76,0.95,0,False,"Supplemental Table 1: Stem cell pluripotency gene expression relative quantity after different treatments
 Supplemental Table 1: Stem cell pluripotency gene expression relative quantity after differen"
PMC5140055,PLoS Med,2016,cc by,pmed.1002192.s007.xlsx,.xlsx,90821,dataset_medium,numeric,True,4,212,8,0.87,0.25,0,False,lncRNA_Name Mesenchymal Proneural Neural Classical Mesenchymal_v_Proneural_FDR Proneural_v_Neural_FDR Proneural_v_Classical_FDR
PMC5140055,PLoS Med,2016,cc by,pmed.1002192.s009.xlsx,.xlsx,42243,small_table,numeric,True,4,39,9,0.97,0.0,0,False,time n.risk survival std.err lower 95% CI upper 95% CI
PMC5140055,PLoS Med,2016,cc by,pmed.1002192.s012.xlsx,.xlsx,68381,dataset_medium,numeric,True,1,866,3,0.67,0.15,0,False,lnc_Name CoxCoeff pValue
PMC5140055,PLoS Med,2016,cc by,pmed.1002192.s013.doc,.doc,84480,document,,False,0,,,,,,,
PMC5140055,PLoS Med,2016,cc by,pmed.1002192.s008.xlsx,.xlsx,263143,dataset_large,numeric,True,3,1358,6,0.83,0.21,0,False,lncRNA Type1_median_FPKM Type2_median_FPKM Type3_median_FPKM Type1vType3_FDR Type2vType3_FDR
PMC5140055,PLoS Med,2016,cc by,pmed.1002192.s004.xlsx,.xlsx,158129,dataset_large,numeric,True,2,1097,5,0.8,0.2,0,False,lncRNA median_GBM_expression(FPKM) median_LGG_expression(FPKM) median_Normal_expression(FPKM) GBM_vs_Normal_FDR
PMC5140055,PLoS Med,2016,cc by,pmed.1002192.s006.xlsx,.xlsx,272012,dataset_large,omics,True,8,947,4,0.75,0.21,0,True,lncRNA Mutation median FPKM WT median FPKM FDR
PMC5140055,PLoS Med,2016,cc by,pmed.1002192.s005.xlsx,.xlsx,80877,dataset_medium,omics,True,4,513,4,0.75,0.22,0,True,lncRNA Mutation median FPKM WT median FPKM FDR
PMC6791439,Oncoimmunology,2019,cc by-nc-nd,koni-08-11-1655360-s001.zip,.zip,399934,other,,False,0,,,,,,,
PMC6923885,Front Comput Neurosci,2019,cc by,Data_Sheet_1.docx,.docx,541573,document,,False,0,,,,,,,
PMC8783091,iScience,2022,cc by-nc-nd,mmc1.pdf,.pdf,487712,document,,False,0,,,,,,,
PMC6251232,Transl Oncol,2019,cc by-nc-nd,mmc2.pptx,.pptx,1192321,figure_image,,False,0,,,,,,,
PMC6251232,Transl Oncol,2019,cc by-nc-nd,mmc1.xls,.xls,50688,dataset_medium,omics,True,1,106,9,0.28,0.67,0,False,"© 2000-2012 Ingenuity Systems, Inc. All rights reserved.        "
PMC6158293,Sci Rep,2018,cc by,41598_2018_32397_MOESM1_ESM.docx,.docx,3428698,document,,False,0,,,,,,,
PMC5361403,Nat Cell Biol,2016,cc by,NIHMS852654-supplement-supplement_1.pdf,.pdf,0,document,,False,0,,,,,,,
PMC6892608,Cell Rep,2018,cc by-nc-nd,NIHMS963102-supplement-Doc_S1.pdf,.pdf,0,document,,False,0,,,,,,,
PMC9221513,Cancers (Basel),2022,cc by,cancers-14-03015-s001.zip,.zip,3470913,other,,False,0,,,,,,,
PMC6478916,Commun Biol,2019,cc by,42003_2019_369_MOESM5_ESM.xlsx,.xlsx,914040,dataset_large,numeric,True,2,3626,14,0.86,0.0,0,True,Supplementary Data 4. The lists of differentially methylated and differentially expressed genes in tumors analyzed by Agilent microarray. 
PMC6478916,Commun Biol,2019,cc by,42003_2019_369_MOESM9_ESM.docx,.docx,22045,document,,False,0,,,,,,,
PMC6478916,Commun Biol,2019,cc by,42003_2019_369_MOESM8_ESM.pdf,.pdf,5982125,document,,False,0,,,,,,,
PMC6478916,Commun Biol,2019,cc by,42003_2019_369_MOESM7_ESM.xlsx,.xlsx,124101,dataset_medium,numeric,True,2,442,7,0.57,0.0,0,True,Supplementary Data 6. Functional annotation for the lists of differentially methylated and differentially expressed genes in tumors analyzed by Agilent microarrays. 
PMC6478916,Commun Biol,2019,cc by,42003_2019_369_MOESM4_ESM.xlsx,.xlsx,493943,dataset_large,numeric,True,2,1706,14,0.86,0.0,0,True,Supplementary Data 3. The lists of differentially methylated and differentially expressed genes in glioma analyzed by RNAseq. 
PMC6478916,Commun Biol,2019,cc by,42003_2019_369_MOESM2_ESM.xlsx,.xlsx,99406,dataset_medium,clinical,True,2,815,17,0.26,0.0,812,False,Supplementary Data 1. Characteristics of TCGA pan-glioma cohort.
PMC6478916,Commun Biol,2019,cc by,42003_2019_369_MOESM6_ESM.xlsx,.xlsx,88534,dataset_medium,numeric,True,2,278,7,0.57,0.0,0,True,Supplementary Data 5. Functional annotation for the lists of genes differentially methylated and differentially expressed in tumors analyzed by RNAseq. 
PMC6478916,Commun Biol,2019,cc by,42003_2019_369_MOESM3_ESM.xlsx,.xlsx,53450,dataset_medium,omics,True,1,141,34,0.0,0.97,0,False,Supplementary Data 2. The list of genes used for the characterization of tumor infiltrating cell types and corresponding references.
PMC6478916,Commun Biol,2019,cc by,42003_2019_369_MOESM1_ESM.pdf,.pdf,68796,document,,False,0,,,,,,,
PMC5758516,Sci Rep,2018,cc by,41598_2017_18310_MOESM2_ESM.pdf,.pdf,99033,small_table,mixed,False,1,22,3,0.32,0.0,0,False,No. Hypoxiaassociatedgenes Function
PMC5758516,Sci Rep,2018,cc by,41598_2017_18310_MOESM1_ESM.xlsx,.xlsx,20150,dataset_medium,mixed,True,2,271,4,0.25,0.0,0,False,Feature # MRI Protocol Tumor Region Feature
PMC8826782,Neurooncol Adv,2022,cc by,vdac002_suppl_supplementary_table_s3.docx,.docx,16770,small_table,omics,False,1,12,9,0.5,0.73,0,False, Progression-free survival Progression-free survival Progression-free survival Progression-free survival Overall survival Overall survival Overall survival Overall survival
PMC8826782,Neurooncol Adv,2022,cc by,vdac002_suppl_supplementary_table_s2.docx,.docx,16568,small_table,omics,False,1,12,9,0.5,0.73,0,False, Progression-free survival Progression-free survival Progression-free survival Progression-free survival Overall survival Overall survival Overall survival Overall survival
PMC8826782,Neurooncol Adv,2022,cc by,vdac002_suppl_supplementary_table_s4.docx,.docx,20571,small_table,omics,False,1,24,9,0.42,0.52,0,False,A. Progression-free survival Progression-free survival Progression-free survival Progression-free survival Overall survival Overall survival Overall survival Overall survival
PMC8826782,Neurooncol Adv,2022,cc by,vdac002_suppl_supplementary_table_s1.docx,.docx,30881,dataset_medium,omics,False,1,101,8,0.74,1.0,0,False,Gene N Survival HR (mean) P value (mean) E Power E (rounded)
PMC8826782,Neurooncol Adv,2022,cc by,vdac002_suppl_supplementary_material.docx,.docx,22733,document,,False,0,,,,,,,
PMC4615268,Oncogene,2016,,NIHMS674517-supplement-8.docx,.docx,0,document,,False,0,,,,,,,
PMC8802188,ACS Cent Sci,2022,cc by-nc-nd,oc1c01193_si_001.pdf,.pdf,893085,document,,False,0,,,,,,,
PMC5863989,PLoS One,2018,cc by,pone.0194183.s001.docx,.docx,16077,document,,False,0,,,,,,,
PMC5308671,Oncotarget,2016,cc by,oncotarget-07-61544-s002.docx,.docx,149975,dataset_medium,omics,False,2,381,13,0.82,1.0,0,False,SAC PP2A pancancer Breast Lung Colon Liver Prostate Ovarian Cervical Pancreas Kidney AML
PMC5308671,Oncotarget,2016,cc by,oncotarget-07-61544-s001.pdf,.pdf,6364004,small_table,omics,False,1,41,9,0.71,1.0,0,False,PPP2CA 5515  catalytic subunit
PMC7718261,Sci Rep,2020,cc by,41598_2020_78126_MOESM1_ESM.docx,.docx,1291144,dataset_medium,omics,False,7,80,6,0.49,0.92,0,False,LUAD LUAD LUSC LUSC GBM GBM
PMC8424128,Mol Ther Oncolytics,2021,cc by-nc-nd,mmc3.xlsx,.xlsx,52527,small_table,omics,True,4,32,9,0.78,0.9,0,False,Data from Fig. 5
PMC8424128,Mol Ther Oncolytics,2021,cc by-nc-nd,mmc2.xlsx,.xlsx,77546,dataset_medium,mixed,True,6,95,11,0.49,0.01,0,True,NAME GS<br> follow link to MSigDB GS DETAILS SIZE ES NES NOM p-val FDR q-val FWER p-val RANK AT MAX LEADING EDGE
PMC8424128,Mol Ther Oncolytics,2021,cc by-nc-nd,mmc1.xlsx,.xlsx,2043620,dataset_large,numeric,True,3,15402,20,0.9,0.0,0,False,Long gene name NAME 4765_mock_1 4765_mock_2 4765_mock_3 4765_virus_1 4765_virus_2 4765_virus_3 4795_mock_1 4795_mock_2 4795_mock_3 4795_virus_1 4795_virus_2 4795_virus_3 4810_mock_1 4810_mock_2 4810_m
PMC6925027,Oncotarget,2019,cc by,oncotarget-10-7080-s001.pdf,.pdf,1577924,document,,False,0,,,,,,,
PMC4763994,PLoS One,2016,cc by,pone.0149866.s002.docx,.docx,57736,document,,False,0,,,,,,,
PMC4763994,PLoS One,2016,cc by,pone.0149866.s001.eps,.eps,329002,figure_image,,False,0,,,,,,,
PMC6531306,Theranostics,2019,cc by-nc,thnov09p2282s1.pdf,.pdf,1647937,dataset_medium,omics,False,1,401,5,0.43,0.95,0,False,"DNA Repair Genes
(Wood Laboratory) Activity FC
(BAP2) FC
(PACMA31) FC
(siPDI_48hr)"
PMC6979491,Neurooncol Adv,2020,cc by-nc,vdz062_suppl_supplementary_materials_and_methods.docx,.docx,36047,document,,False,0,,,,,,,
PMC6979491,Neurooncol Adv,2020,cc by-nc,vdz062_suppl_supplementary_table_and_figure_legends.docx,.docx,14219,document,,False,0,,,,,,,
PMC7376246,Nat Commun,2020,cc by,41467_2020_17382_MOESM4_ESM.mov,.mov,2250060,media,,False,0,,,,,,,
PMC7376246,Nat Commun,2020,cc by,41467_2020_17382_MOESM3_ESM.docx,.docx,14387,document,,False,0,,,,,,,
PMC7376246,Nat Commun,2020,cc by,41467_2020_17382_MOESM9_ESM.pdf,.pdf,64038629,document,,False,0,,,,,,,
PMC7376246,Nat Commun,2020,cc by,41467_2020_17382_MOESM6_ESM.mov,.mov,2206035,media,,False,0,,,,,,,
PMC7376246,Nat Commun,2020,cc by,41467_2020_17382_MOESM2_ESM.pdf,.pdf,2857725,document,,False,0,,,,,,,
PMC7376246,Nat Commun,2020,cc by,41467_2020_17382_MOESM7_ESM.mov,.mov,2110418,media,,False,0,,,,,,,
PMC7376246,Nat Commun,2020,cc by,41467_2020_17382_MOESM1_ESM.pdf,.pdf,15349251,document,,False,0,,,,,,,
PMC7376246,Nat Commun,2020,cc by,41467_2020_17382_MOESM8_ESM.pdf,.pdf,393944,document,,False,0,,,,,,,
PMC7376246,Nat Commun,2020,cc by,41467_2020_17382_MOESM5_ESM.mov,.mov,1930734,media,,False,0,,,,,,,
PMC8186561,Radiother Oncol,2021,cc by-nc-nd,NIHMS1708695-supplement-Supplementary_Material.zip,.zip,0,other,,False,0,,,,,,,
PMC6066211,PLoS One,2018,cc0,pone.0195070.s003.pdf,.pdf,132374,document,,False,0,,,,,,,
PMC6066211,PLoS One,2018,cc0,pone.0195070.s002.pdf,.pdf,176350,document,,False,0,,,,,,,
PMC6066211,PLoS One,2018,cc0,pone.0195070.s004.7z,.7z,298675,other,,False,0,,,,,,,
PMC6066211,PLoS One,2018,cc0,pone.0195070.s001.pdf,.pdf,21141014,document,,False,0,,,,,,,
PMC8566473,Nat Commun,2021,cc by,41467_2021_26653_MOESM1_ESM.pdf,.pdf,3998704,document,,False,0,,,,,,,
PMC8566473,Nat Commun,2021,cc by,41467_2021_26653_MOESM2_ESM.pdf,.pdf,73743,document,,False,0,,,,,,,
PMC8566473,Nat Commun,2021,cc by,41467_2021_26653_MOESM6_ESM.zip,.zip,26014482,other,,False,0,,,,,,,
PMC8566473,Nat Commun,2021,cc by,41467_2021_26653_MOESM4_ESM.xlsx,.xlsx,18275166,dataset_large,numeric,True,4,35684,24,0.78,0.0,0,False,Feature_ID entrezgene external_gene_name gene_biotype external_gene_source description logFC CI.L CI.R AveExpr t P.Value adj.P.Val B linearFC sample.b67_sh4051_expt_3 sample.b67_sh4050_expt_3 sample.b
PMC8566473,Nat Commun,2021,cc by,41467_2021_26653_MOESM3_ESM.xlsx,.xlsx,18368,small_table,mixed,True,1,735,2,0.0,0.0,0,False,Gene symbol
PMC8566473,Nat Commun,2021,cc by,41467_2021_26653_MOESM5_ESM.pdf,.pdf,82100,document,,False,0,,,,,,,
PMC9676504,J Extracell Vesicles,2022,cc by-nc,JEV2-11-12278-s004.xlsx,.xlsx,227181,dataset_large,mixed,True,15,466,6,0.17,0.0,0,True,GO GO Description Parent GO Parent GO Description -log(p value) Genes Involved in Pathway
PMC9676504,J Extracell Vesicles,2022,cc by-nc,JEV2-11-12278-s002.xlsx,.xlsx,39384,dataset_medium,mixed,True,3,330,17,0.0,0.0,0,True,Gli36 EGFRwt CM (post-5-ALA) PpIX EV EGFR EV CD63 EV CD9 EV CFDA EV
PMC9676504,J Extracell Vesicles,2022,cc by-nc,JEV2-11-12278-s001.xlsx,.xlsx,725142,dataset_large,mixed,True,12,2742,6,0.17,0.0,0,True,GO GO Description Parent GO Parent GO Description -log(p value) Genes Involved in Pathway
PMC9676504,J Extracell Vesicles,2022,cc by-nc,JEV2-11-12278-s003.xlsx,.xlsx,80513,dataset_medium,omics,True,5,496,24,0.55,0.99,0,True,Downregulated Genes Upregulated Genes Gene Ontology Downregulated Gene Ontology Upregulated Gene Ontology Reactome Gene Sets Downregulated Gene Ontology Upregulated Gene Ontology
PMC9676504,J Extracell Vesicles,2022,cc by-nc,JEV2-11-12278-s005.docx,.docx,14865,document,,False,0,,,,,,,
PMC9676504,J Extracell Vesicles,2022,cc by-nc,JEV2-11-12278-s006.pdf,.pdf,4675942,document,,False,0,,,,,,,
PMC7239929,Sci Rep,2020,cc by,41598_2020_65320_MOESM1_ESM.docx,.docx,820731,tiny_table,mixed,False,1,9,5,0.36,0.0,0,False, ATF4 ERN1 IGFBP3 IGFBP5
PMC7239929,Sci Rep,2020,cc by,41598_2020_65320_MOESM2_ESM.pdf,.pdf,108702,document,,False,0,,,,,,,
PMC7281415,Cancers (Basel),2020,cc by,cancers-12-01219-s001.pdf,.pdf,943827,document,,False,0,,,,,,,
PMC7408354,Cells,2020,cc by,cells-09-01592-s001.pdf,.pdf,223950,document,,False,0,,,,,,,
PMC9743090,J Med Chem,2022,cc by,jm2c01457_si_001.pdf,.pdf,1062248,document,,False,0,,,,,,,
PMC9743090,J Med Chem,2022,cc by,jm2c01457_si_002.csv,.csv,1449,empty_or_text,,True,0,,,,,,,
PMC9191661,Proc Natl Acad Sci U S A,2022,cc by-nc-nd,pnas.2118697119.sm01.avi,.avi,1652542,media,,False,0,,,,,,,
PMC9191661,Proc Natl Acad Sci U S A,2022,cc by-nc-nd,pnas.2118697119.sapp.pdf,.pdf,5413489,small_table,numeric,False,1,41,14,0.59,0.0,0,False, Summar y Adjusted P Value
PMC6952969,Cells,2019,cc by,cells-08-01487-s001.pdf,.pdf,762655,document,,False,0,,,,,,,
PMC8753448,J Immunother Cancer,2022,cc by-nc,jitc-2021-003368supp004.pdf,.pdf,1661674,document,,False,0,,,,,,,
PMC8753448,J Immunother Cancer,2022,cc by-nc,jitc-2021-003368supp006.pdf,.pdf,167845,document,,False,0,,,,,,,
PMC8753448,J Immunother Cancer,2022,cc by-nc,jitc-2021-003368supp001.pdf,.pdf,854651,document,,False,0,,,,,,,
PMC8753448,J Immunother Cancer,2022,cc by-nc,jitc-2021-003368supp008.pdf,.pdf,56556,document,,False,0,,,,,,,
PMC8753448,J Immunother Cancer,2022,cc by-nc,jitc-2021-003368supp007.pdf,.pdf,1070247,document,,False,0,,,,,,,
PMC8753448,J Immunother Cancer,2022,cc by-nc,jitc-2021-003368supp005.pdf,.pdf,1822682,document,,False,0,,,,,,,
PMC8753448,J Immunother Cancer,2022,cc by-nc,jitc-2021-003368supp003.pdf,.pdf,1243059,document,,False,0,,,,,,,
PMC8753448,J Immunother Cancer,2022,cc by-nc,jitc-2021-003368supp002.pdf,.pdf,803826,document,,False,0,,,,,,,
PMC7707548,PLoS Genet,2020,cc by,pgen.1009117.s002.pdf,.pdf,667707,document,,False,0,,,,,,,
PMC7707548,PLoS Genet,2020,cc by,pgen.1009117.s013.xlsx,.xlsx,33959,dataset_medium,numeric,True,3,282,6,0.99,0.0,0,False,LN229
PMC7707548,PLoS Genet,2020,cc by,pgen.1009117.s017.xlsx,.xlsx,15410,tiny_table,numeric,True,4,9,17,0.71,0.25,0,False,LN229 GBM9 SF188
PMC7707548,PLoS Genet,2020,cc by,pgen.1009117.s007.pdf,.pdf,22937,small_table,numeric,False,1,17,22,0.74,0.0,0,False,  UMP    UDP    UTP    Uridine    Brequinar   
PMC7707548,PLoS Genet,2020,cc by,pgen.1009117.s012.xlsx,.xlsx,20872,small_table,numeric,True,6,12,15,0.76,0.33,0,False,Brequinar (ng/g tissue) UMP (µg/g tissue) UDP (µg/g tissue) UTP (µg/g tissue) Uridine (µg/g tissue)
PMC7707548,PLoS Genet,2020,cc by,pgen.1009117.s009.xlsx,.xlsx,41987,dataset_medium,numeric,True,7,256,14,0.99,0.25,0,False,CAD Log2 RPKM DHODH Log2 RPKM UMPS Log2 RPKM
PMC7707548,PLoS Genet,2020,cc by,pgen.1009117.s008.pdf,.pdf,71754,document,,False,0,,,,,,,
PMC7707548,PLoS Genet,2020,cc by,pgen.1009117.s016.xlsx,.xlsx,18347,small_table,numeric,True,4,24,15,0.77,0.33,0,False,Brequinar (ng/g protein) UMP (µg/g protein)
PMC7707548,PLoS Genet,2020,cc by,pgen.1009117.s001.pdf,.pdf,346519,document,,False,0,,,,,,,
PMC7707548,PLoS Genet,2020,cc by,pgen.1009117.s019.xlsx,.xlsx,11396,dataset_medium,numeric,True,1,64,6,0.93,0.0,0,False,GBM9
PMC7707548,PLoS Genet,2020,cc by,pgen.1009117.s011.xlsx,.xlsx,14446,small_table,numeric,True,4,13,12,0.8,0.33,0,False,Day 37 Day 44 Day 51 Day 59
PMC7707548,PLoS Genet,2020,cc by,pgen.1009117.s014.xlsx,.xlsx,25316,dataset_medium,numeric,True,2,151,12,0.97,0.25,0,False,CAD Log2 RPKM DHODH Log2 RPKM UMPS Log2 RPKM
PMC7707548,PLoS Genet,2020,cc by,pgen.1009117.s010.xlsx,.xlsx,24374,small_table,numeric,True,7,15,17,0.85,0.33,0,False,Relative proliferation
PMC7707548,PLoS Genet,2020,cc by,pgen.1009117.s004.pdf,.pdf,425799,document,,False,0,,,,,,,
PMC7707548,PLoS Genet,2020,cc by,pgen.1009117.s018.xlsx,.xlsx,14759,small_table,numeric,True,4,20,12,0.78,0.0,0,False,Control mice Control mice Control mice Control mice
PMC7707548,PLoS Genet,2020,cc by,pgen.1009117.s015.xlsx,.xlsx,31561,small_table,numeric,True,10,15,17,0.85,0.33,0,False,Relative proliferation
PMC7707548,PLoS Genet,2020,cc by,pgen.1009117.s006.pdf,.pdf,1808695,document,,False,0,,,,,,,
PMC7707548,PLoS Genet,2020,cc by,pgen.1009117.s020.pdf,.pdf,157698,document,,False,0,,,,,,,
PMC7707548,PLoS Genet,2020,cc by,pgen.1009117.s003.pdf,.pdf,972221,document,,False,0,,,,,,,
PMC7707548,PLoS Genet,2020,cc by,pgen.1009117.s005.pdf,.pdf,1164718,document,,False,0,,,,,,,
PMC7464568,Antioxidants (Basel),2020,cc by,antioxidants-09-00747-s001.zip,.zip,3509636,other,,False,0,,,,,,,
PMC6604352,Stem Cells Int,2019,cc by,6107456.f1.zip,.zip,1601566,other,,False,0,,,,,,,
PMC5342491,Oncotarget,2016,cc by,oncotarget-07-69466-s001.pdf,.pdf,1130933,document,,False,0,,,,,,,
PMC9092641,Neurooncol Adv,2022,cc by-nc,vdac045_suppl_supplementary_tables.xlsx,.xlsx,34787,dataset_medium,numeric,True,7,316,3,0.66,0.14,0,False,Leaf level haplogroups of European GBM cases and controls
PMC4991399,Oncotarget,2016,cc by,oncotarget-07-19531-s001.pdf,.pdf,2544982,tiny_table,numeric,False,1,8,3,0.61,0.0,0,False," Unique id Ratio of geom means
Long vs Short survivors"
PMC7083893,Nat Commun,2020,cc by,41467_2020_15129_MOESM4_ESM.xlsx,.xlsx,59738,dataset_medium,numeric,True,7,135,40,0.8,0.0,0,False,%CD47hi  normal brain LN229 U87 SWI-1783 G112 T98G TP365 U251 SWI-088 U118 D32 GL261 CT-2A
PMC7083893,Nat Commun,2020,cc by,41467_2020_15129_MOESM2_ESM.pdf,.pdf,140131,document,,False,0,,,,,,,
PMC7083893,Nat Commun,2020,cc by,41467_2020_15129_MOESM1_ESM.pdf,.pdf,5651737,document,,False,0,,,,,,,
PMC7083893,Nat Commun,2020,cc by,41467_2020_15129_MOESM3_ESM.pdf,.pdf,224742,document,,False,0,,,,,,,
PMC9134932,CNS Oncol,2022,cc by-nc-nd,cns-11-87-s1.pdf,.pdf,98876,document,,False,0,,,,,,,
PMC7747479,RSC Adv,2020,cc by-nc,RA-010-D0RA07245A-s001.pdf,.pdf,111922,document,,False,0,,,,,,,
PMC4891078,Oncotarget,2016,cc by,oncotarget-07-09707-s001.pdf,.pdf,1493142,document,,False,0,,,,,,,
PMC5133638,Nat Commun,2016,cc by,ncomms13177-s5.xls,.xls,45056,dataset_medium,numeric,True,1,57,34,0.83,0.0,0,False,Supplementary Data 4 NanoString Gene Expression Levels.                                 
PMC5133638,Nat Commun,2016,cc by,ncomms13177-s4.xls,.xls,317440,dataset_large,omics,True,1,2551,6,0.67,0.99,0,False,Supplementary Data 3 - High 5hmC Gene Regions.     
PMC5133638,Nat Commun,2016,cc by,ncomms13177-s7.xls,.xls,50176,dataset_medium,mixed,True,1,121,9,0.44,0.0,0,False,Supplementary Data 6 NanoString Gene Variatns and 5hmC Correlation.        
PMC5133638,Nat Commun,2016,cc by,ncomms13177-s8.pdf,.pdf,1143354,document,,False,0,,,,,,,
PMC5133638,Nat Commun,2016,cc by,ncomms13177-s6.xlsx,.xlsx,58610,dataset_medium,numeric,True,1,66,12,0.72,0.0,0,False,Supplementary Data 5 NanoString and 5hmC Correlations.
PMC5133638,Nat Commun,2016,cc by,ncomms13177-s2.xls,.xls,638976,dataset_large,numeric,True,1,3878,8,0.66,0.0,0,False,Supplementary Data 1 High 5hmC CpGs.       
PMC5133638,Nat Commun,2016,cc by,ncomms13177-s3.xls,.xls,260608,dataset_medium,numeric,True,1,691,21,0.62,0.0,0,False,Supplementary Data 2 High 5hmC LOLA Enrichment.                    
PMC5133638,Nat Commun,2016,cc by,ncomms13177-s1.pdf,.pdf,1446884,document,,False,0,,,,,,,
PMC8452737,Nat Commun,2021,cc by,41467_2021_25744_MOESM5_ESM.xlsx,.xlsx,29185,dataset_medium,numeric,True,2,296,12,0.99,0.0,0,False,Beta = 2.5 (5 cross validation models) Beta = 1.5 (5 cross validation models)
PMC8452737,Nat Commun,2021,cc by,41467_2021_25744_MOESM7_ESM.pdf,.pdf,72482,document,,False,0,,,,,,,
PMC8452737,Nat Commun,2021,cc by,41467_2021_25744_MOESM3_ESM.pdf,.pdf,84466,document,,False,0,,,,,,,
PMC8452737,Nat Commun,2021,cc by,41467_2021_25744_MOESM2_ESM.pdf,.pdf,2362148,document,,False,0,,,,,,,
PMC8452737,Nat Commun,2021,cc by,41467_2021_25744_MOESM6_ESM.xlsx,.xlsx,11677,dataset_medium,numeric,True,1,109,3,0.99,0.0,0,False,Peaks Exclusively Identified by the OMP algorithm (applied on mean spectrum)  Peaks Exclusively Identified by msiPL Peaks Identified by both methods (msiPL and OMP)
PMC8452737,Nat Commun,2021,cc by,41467_2021_25744_MOESM1_ESM.pdf,.pdf,13508773,small_table,mixed,False,1,48,8,0.44,0.0,0,False,"m/z
experimental correlation m/z Identity Molecular
formula Adduct m/z
calculated Database Error
(ppm)"
PMC8452737,Nat Commun,2021,cc by,41467_2021_25744_MOESM4_ESM.xlsx,.xlsx,18662571,dataset_medium,numeric,True,5,402,5,1.0,0.0,0,False,Training Data: m/z Bins  Training Data: m/z peaks m/z bins detected on testing data of 72 tissues m/z peaks detected on testing data of 72 tissues
PMC8246372,J Immunother Cancer,2021,cc by-nc,jitc-2021-002426supp001.pdf,.pdf,221998,document,,False,0,,,,,,,
PMC5374737,BMC Med Genomics,2017,cc by,12920_2017_256_MOESM7_ESM.eps,.eps,5883649,figure_image,,False,0,,,,,,,
PMC5374737,BMC Med Genomics,2017,cc by,12920_2017_256_MOESM6_ESM.doc,.doc,135168,document,,False,0,,,,,,,
PMC5374737,BMC Med Genomics,2017,cc by,12920_2017_256_MOESM9_ESM.eps,.eps,46381355,figure_image,,False,0,,,,,,,
PMC5374737,BMC Med Genomics,2017,cc by,12920_2017_256_MOESM1_ESM.eps,.eps,23426132,figure_image,,False,0,,,,,,,
PMC5374737,BMC Med Genomics,2017,cc by,12920_2017_256_MOESM11_ESM.xlsx,.xlsx,42923,small_table,mixed,True,1,26,7,0.48,0.0,0,False,GBM MRI surv diff standard 1st order 2nd order 3rd order 4th order
PMC5374737,BMC Med Genomics,2017,cc by,12920_2017_256_MOESM13_ESM.eps,.eps,20144150,figure_image,,False,0,,,,,,,
PMC5374737,BMC Med Genomics,2017,cc by,12920_2017_256_MOESM4_ESM.eps,.eps,994762,figure_image,,False,0,,,,,,,
PMC5374737,BMC Med Genomics,2017,cc by,12920_2017_256_MOESM14_ESM.xlsx,.xlsx,625470,dataset_large,omics,True,3,8259,4,0.75,1.0,0,False,Gene Cluster 1 P-value Cluster 2 P-value Cluster 3 P-value
PMC5374737,BMC Med Genomics,2017,cc by,12920_2017_256_MOESM18_ESM.xlsx,.xlsx,52433,small_table,numeric,True,1,21,7,0.82,0.0,0,False,Clin First Second Third Jaccard Frequency-Weighted By Volume 
PMC5374737,BMC Med Genomics,2017,cc by,12920_2017_256_MOESM2_ESM.eps,.eps,162950609,figure_image,,False,0,,,,,,,
PMC5374737,BMC Med Genomics,2017,cc by,12920_2017_256_MOESM16_ESM.eps,.eps,6742075,figure_image,,False,0,,,,,,,
PMC5374737,BMC Med Genomics,2017,cc by,12920_2017_256_MOESM3_ESM.eps,.eps,356383,figure_image,,False,0,,,,,,,
PMC5374737,BMC Med Genomics,2017,cc by,12920_2017_256_MOESM12_ESM.eps,.eps,226684,figure_image,,False,0,,,,,,,
PMC5374737,BMC Med Genomics,2017,cc by,12920_2017_256_MOESM15_ESM.eps,.eps,16268967,figure_image,,False,0,,,,,,,
PMC5374737,BMC Med Genomics,2017,cc by,12920_2017_256_MOESM10_ESM.eps,.eps,769386,figure_image,,False,0,,,,,,,
PMC6742368,PLoS One,2019,cc by,pone.0222435.s002.txt,.txt,103416,dataset_large,numeric,True,1,1368,9,0.84,0.0,0,False, Gene log2FoldChange KO_input1 KO_input2 WT_input1 WT_input2 EZH2-repressed EZH2 binding
PMC6742368,PLoS One,2019,cc by,pone.0222435.s001.pdf,.pdf,18117,document,,False,0,,,,,,,
PMC5865162,Sci Rep,2018,cc by,41598_2018_22739_MOESM1_ESM.docx,.docx,21912887,tiny_table,mixed,False,1,5,5,0.5,0.25,0,False, Complete dataset Rim-enhancing Irregular           Solid
PMC5292791,BMC Genomics,2017,cc by,12864_2017_3519_MOESM1_ESM.xlsx,.xlsx,12993,small_table,clinical,True,1,40,9,0.22,0.0,38,False,"Supplementary Table S1: NF1 mutations in the TCGA dataset (UCSS Xena, hg19)"
PMC5292791,BMC Genomics,2017,cc by,12864_2017_3519_MOESM6_ESM.xlsx,.xlsx,28607,dataset_medium,omics,True,1,293,7,0.66,0.99,0,False,Supplementary Table S2 -Ranked genes contributing greater than two standard deviations to ensemble classifier
PMC8215292,J Biol Chem,2021,cc by,mmc1.pdf,.pdf,22610794,document,,False,0,,,,,,,
PMC8471762,Cancers (Basel),2021,cc by,cancers-13-04525-s001.zip,.zip,4694732,other,,False,0,,,,,,,
PMC9220673,Biomedicines,2022,cc by,biomedicines-10-01384-s001.zip,.zip,558036,other,,False,0,,,,,,,
PMC7345837,Neurooncol Adv,2020,cc by-nc,vdaa069_suppl_supplementary_table_s1.docx,.docx,15359,small_table,numeric,False,1,18,4,0.63,0.0,0,False,"Demographic TTF used before 2015 for
recurrent GBM TTF used between 2015-2019 for recurrent GBM TTF used between 2015-2019
For newly diagnosed GBM"
PMC7345837,Neurooncol Adv,2020,cc by-nc,vdaa069_suppl_supplementary_data.docx,.docx,26020,document,,False,0,,,,,,,
PMC5630302,Oncotarget,2017,cc by,oncotarget-08-64932-s001.pdf,.pdf,12990570,document,,False,0,,,,,,,
PMC5630302,Oncotarget,2017,cc by,oncotarget-08-64932-s002.docx,.docx,144089,dataset_medium,omics,False,10,240,4,0.75,0.95,0,True,gene ID log2 change fold change P value
PMC7471621,iScience,2020,cc by-nc-nd,mmc1.pdf,.pdf,1333467,document,,False,0,,,,,,,
PMC6874607,Sci Rep,2019,cc by,41598_2019_53850_MOESM1_ESM.pdf,.pdf,3000897,document,,False,0,,,,,,,
PMC6441047,Cell Death Dis,2019,cc by,41419_2019_1387_MOESM1_ESM.docx,.docx,3026100,dataset_medium,omics,False,2,301,10,0.9,0.0,0,True,Feature Gene Symbol T-Test Feature P FDR(BH) Fold Change  TMZ8 Mean TMZ8 Std DMSO8 Mean DMSO8 Std
PMC8974362,PNAS Nexus,2022,cc by,pgac013_supplemental_files.zip,.zip,898945,other,,False,0,,,,,,,
PMC7195524,EBioMedicine,2020,cc by-nc-nd,mmc2.pdf,.pdf,219440,document,,False,0,,,,,,,
PMC7195524,EBioMedicine,2020,cc by-nc-nd,mmc1.pdf,.pdf,2504585,document,,False,0,,,,,,,
PMC9617949,Nat Commun,2022,cc by,41467_2022_34175_MOESM9_ESM.xlsx,.xlsx,53884,empty_or_text,,True,0,,,,,,,
PMC9617949,Nat Commun,2022,cc by,41467_2022_34175_MOESM1_ESM.pdf,.pdf,3227932,document,,False,0,,,,,,,
PMC9617949,Nat Commun,2022,cc by,41467_2022_34175_MOESM6_ESM.xlsx,.xlsx,683692,dataset_large,numeric,True,6,1130,13,0.92,0.02,0,False, WT_p_val WT_avg_log2FC WT_pct.1 WT_pct.2 WT_p_val_adj Camkk2KO_p_val Camkk2KO_avg_log2FC Camkk2KO_pct.1 Camkk2KO_pct.2 Camkk2KO_p_val_adj max_pval minimump_p_val
PMC9617949,Nat Commun,2022,cc by,41467_2022_34175_MOESM2_ESM.pdf,.pdf,1260794,document,,False,0,,,,,,,
PMC9617949,Nat Commun,2022,cc by,41467_2022_34175_MOESM11_ESM.xlsx,.xlsx,12132,small_table,numeric,True,2,37,5,0.57,0.0,0,False,Figure Groups Median Lower CI bound Upper CI Bound
PMC9617949,Nat Commun,2022,cc by,41467_2022_34175_MOESM3_ESM.pdf,.pdf,124742,document,,False,0,,,,,,,
PMC9617949,Nat Commun,2022,cc by,41467_2022_34175_MOESM12_ESM.pdf,.pdf,335302,document,,False,0,,,,,,,
PMC9617949,Nat Commun,2022,cc by,41467_2022_34175_MOESM13_ESM.xlsx,.xlsx,152961,dataset_medium,numeric,True,48,61,9,0.65,0.0,0,False,Figure 7c
PMC9617949,Nat Commun,2022,cc by,41467_2022_34175_MOESM5_ESM.xlsx,.xlsx,924876,dataset_large,numeric,True,18,3226,6,0.83,0.01,0,False, p_val avg_log2FC pct.1 pct.2 p_val_adj
PMC9617949,Nat Commun,2022,cc by,41467_2022_34175_MOESM10_ESM.xlsx,.xlsx,26806,small_table,mixed,True,4,31,11,0.12,0.0,0,False,MGI Gene/Marker ID Symbol Name Chr Qualifier Annotated Term Context Proteoform Evidence Inferred From Reference(s)
PMC9617949,Nat Commun,2022,cc by,41467_2022_34175_MOESM8_ESM.xlsx,.xlsx,231592,dataset_large,numeric,True,2,2045,6,0.83,0.02,0,False,p_val avg_log2FC pct.1 pct.2 p_val_adj
PMC9617949,Nat Commun,2022,cc by,41467_2022_34175_MOESM7_ESM.xlsx,.xlsx,540561,dataset_large,numeric,True,6,3096,6,0.83,0.01,0,False, p_val avg_log2FC pct.1 pct.2 p_val_adj
PMC9617949,Nat Commun,2022,cc by,41467_2022_34175_MOESM4_ESM.xlsx,.xlsx,4308016,dataset_large,numeric,True,18,3183,13,0.92,0.01,0,False, WT_p_val WT_avg_log2FC WT_pct.1 WT_pct.2 WT_p_val_adj Camkk2KO_p_val Camkk2KO_avg_log2FC Camkk2KO_pct.1 Camkk2KO_pct.2 Camkk2KO_p_val_adj max_pval minimump_p_val
PMC5762567,Oncotarget,2017,cc by,oncotarget-08-112980-s001.pdf,.pdf,1919534,document,,False,0,,,,,,,
PMC5762567,Oncotarget,2017,cc by,oncotarget-08-112980-s002.doc,.doc,43520,document,,False,0,,,,,,,
PMC7281616,Cancers (Basel),2020,cc by,cancers-12-01213-s001.zip,.zip,34150240,other,,False,0,,,,,,,
PMC7458656,Oncoimmunology,2020,cc by-nc,KONI_A_1806662_SM6027.docx,.docx,13467456,document,,False,0,,,,,,,
PMC7688136,PLoS One,2020,cc by,pone.0242793.s002.xlsx,.xlsx,14260,dataset_medium,numeric,True,1,61,11,0.89,0.0,0,False,Tumor Sample Barcode Frame Shift Del Frame Shift Ins In Frame Del In Frame Ins Missense Mutation Nonsense Mutation Nonstop Mutation Splice Site Translation Start Site Total
PMC7688136,PLoS One,2020,cc by,pone.0242793.s004.docx,.docx,31259,dataset_medium,mixed,False,1,51,8,0.4,0.4,0,False,S4 Table. Comparison of all GBM gene mutations between the LEB-GBM cohort and the TCGA cohort. S4 Table. Comparison of all GBM gene mutations between the LEB-GBM cohort and the TCGA cohort. S4 Table. 
PMC7688136,PLoS One,2020,cc by,pone.0242793.s001.docx,.docx,19337,document,,False,0,,,,,,,
PMC7688136,PLoS One,2020,cc by,pone.0242793.s003.xlsx,.xlsx,45814,dataset_medium,clinical,True,1,361,20,0.71,1.0,0,False,Tumor_ID Hugo_Symbol Chromosome Start_Position End_Position dbSNP_RS HGVSp_Short Age Gender AED Location Size Multifocal Resection Concurrent_TMZ Adjuvant_TMZ Recurrence Death Time_to_death_months Tim
PMC8187342,Nat Commun,2021,cc by,41467_2021_23832_MOESM1_ESM.pdf,.pdf,6177998,document,,False,0,,,,,,,
PMC8187342,Nat Commun,2021,cc by,41467_2021_23832_MOESM2_ESM.pdf,.pdf,348643,document,,False,0,,,,,,,
PMC8187342,Nat Commun,2021,cc by,41467_2021_23832_MOESM3_ESM.xlsx,.xlsx,626297,dataset_medium,numeric,True,11,158,70,0.58,0.0,0,False,Fig 6b
PMC8987098,Sci Rep,2022,cc by,41598_2022_9614_MOESM1_ESM.docx,.docx,11210238,document,,False,0,,,,,,,
PMC6362117,Sci Rep,2019,cc by,41598_2018_37615_MOESM1_ESM.docx,.docx,165541,document,,False,0,,,,,,,
PMC6362117,Sci Rep,2019,cc by,41598_2018_37615_MOESM2_ESM.xlsx,.xlsx,11156,small_table,clinical,True,1,139,2,0.0,0.0,138,False,Case Extent of resection
PMC8043167,Cell Adh Migr,2021,cc by,KCAM_A_1903684_SM9458.docx,.docx,1172381,document,,False,0,,,,,,,
PMC7034640,Neurooncol Adv,2020,cc by,vdaa009_suppl_supplemental_table_s1.docx,.docx,28422,dataset_medium,numeric,False,1,60,10,0.62,0.0,0,False,"Supplementary Table S1. Initial diagnoses of patients, treatment statuses of their Foundation Medicine samples, and types of Foundation Medicine assays utilized to analyze each sample Supplementary Ta"
PMC7034640,Neurooncol Adv,2020,cc by,vdaa009_suppl_supplemental_table_s2.docx,.docx,21087,document,,False,0,,,,,,,
PMC7034640,Neurooncol Adv,2020,cc by,vdaa009_suppl_supplemental_table_s5.docx,.docx,13502,document,,False,0,,,,,,,
PMC7034640,Neurooncol Adv,2020,cc by,vdaa009_suppl_supplemental_table_s3.docx,.docx,47351,document,,False,0,,,,,,,
PMC7034640,Neurooncol Adv,2020,cc by,vdaa009_suppl_supplemental_methods.docx,.docx,15053,document,,False,0,,,,,,,
PMC7034640,Neurooncol Adv,2020,cc by,vdaa009_suppl_supplemental_table_s4.docx,.docx,16534,document,,False,0,,,,,,,
PMC6219037,Cilia,2018,cc by,13630_2018_60_MOESM8_ESM.avi,.avi,1994752,media,,False,0,,,,,,,
PMC6219037,Cilia,2018,cc by,13630_2018_60_MOESM6_ESM.avi,.avi,2727424,media,,False,0,,,,,,,
PMC6219037,Cilia,2018,cc by,13630_2018_60_MOESM12_ESM.avi,.avi,8023040,media,,False,0,,,,,,,
PMC6219037,Cilia,2018,cc by,13630_2018_60_MOESM13_ESM.avi,.avi,4017664,media,,False,0,,,,,,,
PMC6219037,Cilia,2018,cc by,13630_2018_60_MOESM7_ESM.avi,.avi,763392,media,,False,0,,,,,,,
PMC6219037,Cilia,2018,cc by,13630_2018_60_MOESM4_ESM.avi,.avi,15251456,media,,False,0,,,,,,,
PMC6219037,Cilia,2018,cc by,13630_2018_60_MOESM9_ESM.avi,.avi,3564544,media,,False,0,,,,,,,
PMC6219037,Cilia,2018,cc by,13630_2018_60_MOESM5_ESM.mov,.mov,2052140,media,,False,0,,,,,,,
PMC6219037,Cilia,2018,cc by,13630_2018_60_MOESM10_ESM.avi,.avi,2579968,media,,False,0,,,,,,,
PMC6219037,Cilia,2018,cc by,13630_2018_60_MOESM3_ESM.avi,.avi,22290944,media,,False,0,,,,,,,
PMC6219037,Cilia,2018,cc by,13630_2018_60_MOESM2_ESM.mov,.mov,2477004,media,,False,0,,,,,,,
PMC6219037,Cilia,2018,cc by,13630_2018_60_MOESM11_ESM.avi,.avi,1623040,media,,False,0,,,,,,,
PMC6872651,Sci Rep,2019,cc by,41598_2019_53463_MOESM1_ESM.pdf,.pdf,554991,document,,False,0,,,,,,,
PMC8036803,Cancers (Basel),2021,cc by,cancers-13-01494-s001.zip,.zip,3421866,other,,False,0,,,,,,,
PMC9406858,Cells,2022,cc by,cells-11-02597-s001.zip,.zip,549406,other,,False,0,,,,,,,
PMC9365362,Clin Cancer Res,2022,cc by-nc-nd,ccr-21-3324_supplemental_figure_6_supp6.pdf,.pdf,48777,document,,False,0,,,,,,,
PMC9365362,Clin Cancer Res,2022,cc by-nc-nd,ccr-21-3324_supplemental_figure_3_supp3.pdf,.pdf,29070,document,,False,0,,,,,,,
PMC9365362,Clin Cancer Res,2022,cc by-nc-nd,ccr-21-3324_supplemental_figure_1_supp1.pdf,.pdf,26410,document,,False,0,,,,,,,
PMC9365362,Clin Cancer Res,2022,cc by-nc-nd,ccr-21-3324_supplemental_figure_2b_supp2b.pdf,.pdf,25275,document,,False,0,,,,,,,
PMC9365362,Clin Cancer Res,2022,cc by-nc-nd,ccr-21-3324_supplementary_legend_supps0.docx,.docx,13735,document,,False,0,,,,,,,
PMC9365362,Clin Cancer Res,2022,cc by-nc-nd,ccr-21-3324_supplemental_figure_4_supp4.pdf,.pdf,21392,document,,False,0,,,,,,,
PMC9365362,Clin Cancer Res,2022,cc by-nc-nd,ccr-21-3324_supplemental_figure_5_supp5.pdf,.pdf,48210,document,,False,0,,,,,,,
PMC9365362,Clin Cancer Res,2022,cc by-nc-nd,ccr-21-3324_supplemental_figure_2a_supp2a.pdf,.pdf,27404,document,,False,0,,,,,,,
PMC7727139,BMC Cancer,2020,cc by,12885_2020_7694_MOESM6_ESM.pdf,.pdf,837716,document,,False,0,,,,,,,
PMC7727139,BMC Cancer,2020,cc by,12885_2020_7694_MOESM4_ESM.pdf,.pdf,4046941,document,,False,0,,,,,,,
PMC7727139,BMC Cancer,2020,cc by,12885_2020_7694_MOESM8_ESM.pdf,.pdf,233974,document,,False,0,,,,,,,
PMC7727139,BMC Cancer,2020,cc by,12885_2020_7694_MOESM7_ESM.pdf,.pdf,90167,document,,False,0,,,,,,,
PMC7727139,BMC Cancer,2020,cc by,12885_2020_7694_MOESM1_ESM.pdf,.pdf,174603,document,,False,0,,,,,,,
PMC7727139,BMC Cancer,2020,cc by,12885_2020_7694_MOESM3_ESM.pdf,.pdf,155926,document,,False,0,,,,,,,
PMC7727139,BMC Cancer,2020,cc by,12885_2020_7694_MOESM2_ESM.pdf,.pdf,78456,document,,False,0,,,,,,,
PMC7727139,BMC Cancer,2020,cc by,12885_2020_7694_MOESM5_ESM.pdf,.pdf,1847186,document,,False,0,,,,,,,
PMC8013708,Biomark Insights,2021,cc by-nc,sj-pdf-1-bmi-10.1177_11772719211006666.pdf,.pdf,159978,document,,False,0,,,,,,,
PMC4742861,Sci Rep,2016,cc by,srep20189-s1.pdf,.pdf,4024430,dataset_medium,omics,False,1,160,6,0.6,0.69,0,False, 1μM GDC-­‐0941  1μM BKM-­‐120 
PMC8711129,Cancer Discov,2021,cc by-nc-nd,cd-20-1437_supplementary_figures_suppsf1.pdf,.pdf,3691352,document,,False,0,,,,,,,
PMC7465678,Cancers (Basel),2020,cc by,cancers-12-02097-s001.pdf,.pdf,745264,document,,False,0,,,,,,,
PMC5342330,Oncotarget,2016,cc by,oncotarget-07-54102-s001.pdf,.pdf,530585,document,,False,0,,,,,,,
PMC8809511,Nat Cancer,2021,,NIHMS1717490-supplement-Image_sourcedata_Fig1.pdf,.pdf,0,document,,False,0,,,,,,,
PMC5799201,Sci Rep,2018,cc by,41598_2018_20844_MOESM1_ESM.pdf,.pdf,337105,document,,False,0,,,,,,,
PMC8857594,Transl Oncol,2022,cc by-nc-nd,mmc2.pptx,.pptx,4008167,figure_image,,False,0,,,,,,,
PMC8857594,Transl Oncol,2022,cc by-nc-nd,mmc3.xlsx,.xlsx,3264100,unreadable_table,,True,0,,,,,,,
PMC8857594,Transl Oncol,2022,cc by-nc-nd,mmc1.docx,.docx,42031,document,,False,0,,,,,,,
PMC5737541,Nucleic Acids Res,2017,cc by-nc,gkx435_supp.pdf,.pdf,3021023,document,,False,0,,,,,,,
PMC5454031,Sci Rep,2017,cc by,41598_2017_2483_MOESM1_ESM.pdf,.pdf,1293300,document,,False,0,,,,,,,
PMC6491796,EBioMedicine,2019,cc by-nc-nd,mmc4.xlsx,.xlsx,10465,small_table,omics,True,1,38,8,0.73,1.0,0,True,"gene module glioma.pubmed glioblastoma.pubmed gbm.pubmed cancer.pubmed sum.pubmed DEG (0=false, 1=true)"
PMC6491796,EBioMedicine,2019,cc by-nc-nd,mmc2.xlsx,.xlsx,221993,dataset_large,omics,True,1,11483,2,0.0,1.0,0,False,gene module
PMC6491796,EBioMedicine,2019,cc by-nc-nd,mmc1.xlsx,.xlsx,91372,dataset_large,omics,True,1,1196,10,0.63,1.0,0,True,DEG in 2 wk chase  (1195) fold change (log2) adjusted p-value DEG in 4 wk chase (653) fold change (log2) adjusted p-value DEG common in 2 wk and 4 wk (345)
PMC6491796,EBioMedicine,2019,cc by-nc-nd,mmc3.xlsx,.xlsx,42970,dataset_medium,mixed,True,1,211,11,0.4,0.0,0,False,module System Gene.Category Corrected_P Fold_Enrichment
PMC6491796,EBioMedicine,2019,cc by-nc-nd,mmc6.zip,.zip,6159,other,,False,0,,,,,,,
PMC6491796,EBioMedicine,2019,cc by-nc-nd,mmc5.pdf,.pdf,15146757,document,,False,0,,,,,,,
PMC8694207,Neurooncol Adv,2021,cc by-nc,vdab164_suppl_supplementary_material_s3.docx,.docx,271055,small_table,mixed,False,1,31,7,0.39,0.0,0,False,Patient # Age Range Tumor Site Recurrence Number Interval* MGMTp Methylation Status IDH1 mutation
PMC8694207,Neurooncol Adv,2021,cc by-nc,vdab164_suppl_supplementary_data.pdf,.pdf,1456279,document,,False,0,,,,,,,
PMC8694207,Neurooncol Adv,2021,cc by-nc,vdab164_suppl_supplementary_material_s1.docx,.docx,72516,tiny_table,mixed,False,1,4,7,0.32,0.0,0,False,Patient # Age Range Tumor Site Recurrence Number Interval* MGMTp Methylation Status IDH1 mutation
PMC8694207,Neurooncol Adv,2021,cc by-nc,vdab164_suppl_supplementary_material_s2.doc,.doc,156160,document,,False,0,,,,,,,
PMC6333836,Sci Rep,2019,cc by,41598_2018_37437_MOESM1_ESM.pdf,.pdf,694999,document,,False,0,,,,,,,
PMC8277421,Front Oncol,2021,cc by,Image_1.pdf,.pdf,517381,document,,False,0,,,,,,,
PMC5342536,Oncotarget,2016,cc by,oncotarget-07-70080-s001.pdf,.pdf,5032536,document,,False,0,,,,,,,
PMC5552427,Oncogene,2017,,NIHMS856826-supplement-1.docx,.docx,0,document,,False,0,,,,,,,
PMC6116191,Cancers (Basel),2018,cc by,cancers-10-00243-s001.pdf,.pdf,3105150,document,,False,0,,,,,,,
PMC9446677,Neurooncol Adv,2022,cc by-nc,vdac128_suppl_supplementary_figure_legend.docx,.docx,12896,document,,False,0,,,,,,,
PMC9446677,Neurooncol Adv,2022,cc by-nc,vdac128_suppl_supplementary_table_s1.docx,.docx,15632,document,,False,0,,,,,,,
PMC7236386,Neurooncol Adv,2020,cc by,vdaa050_suppl_supplementary_tables.docx,.docx,16861,small_table,clinical,False,1,32,9,0.65,0.0,0,False,Patient Age at Diagnosis MGMT status #  of Recurrences Time from RT (mon) KPS at PET FDG Avidity SUVmax RANO Criteria for PD
PMC8810630,Clin Cancer Res,2022,cc by-nc-nd,ccr-21-2225_supp.pdf,.pdf,3134704,tiny_table,numeric,False,1,8,58,0.56,0.0,0,False,"Patient
(Arm A) surface area [days]                        Time between
surgery and last pre-
surgical dose
(hours:minutes)   Tissue
Weight
(g)    selinexor
concentration     ratio   predose 1h 2h    "
PMC9252128,Neurooncol Adv,2022,cc by,vdac076_suppl_supplementary_data.docx,.docx,1207067,document,,False,0,,,,,,,
PMC5087864,PLoS One,2016,cc by,pone.0164546.s002.txt,.txt,14634,unreadable_table,,True,0,,,,,,,
PMC5087864,PLoS One,2016,cc by,pone.0164546.s004.txt,.txt,28859,unreadable_table,,True,0,,,,,,,
PMC5087864,PLoS One,2016,cc by,pone.0164546.s001.pdf,.pdf,5958743,small_table,mixed,False,1,19,8,0.32,0.0,0,False,CSNK1E     SUFU  
PMC5087864,PLoS One,2016,cc by,pone.0164546.s005.txt,.txt,14608,unreadable_table,,True,0,,,,,,,
PMC5087864,PLoS One,2016,cc by,pone.0164546.s003.txt,.txt,22091,unreadable_table,,True,0,,,,,,,
PMC5087864,PLoS One,2016,cc by,pone.0164546.s006.txt,.txt,58347,unreadable_table,,True,0,,,,,,,
PMC6408961,Nat Med,2019,,NIHMS1516903-supplement-Reporting_Summary.pdf,.pdf,0,document,,False,0,,,,,,,
PMC7992880,Neuro Oncol,2021,cc by-nc,noaa189_suppl_supplementary_table_s1.docx,.docx,14333,document,,False,0,,,,,,,
PMC7992880,Neuro Oncol,2021,cc by-nc,noaa189_suppl_supplementary_material.docx,.docx,13189,document,,False,0,,,,,,,
PMC7992880,Neuro Oncol,2021,cc by-nc,noaa189_suppl_supplementary_legends.docx,.docx,16388,document,,False,0,,,,,,,
PMC6971446,Bioeng Transl Med,2020,cc by,BTM2-5-e10148-s001.docx,.docx,1501789,small_table,omics,False,3,15,4,0.4,0.86,0,False,Cell line Pore size (µm) Material of membrane Reference
PMC9389424,Neurooncol Adv,2022,cc by-nc,vdac111_suppl_supplementary_tables.docx,.docx,24152,small_table,mixed,False,1,15,5,0.32,0.21,0,False,"
Supplementary Table 2. Association of SDL risk scores with clinical variables 
 
Supplementary Table 2. Association of SDL risk scores with clinical variables 
 
Supplementary Table 2. Association of"
PMC9536293,Neurooncol Adv,2022,cc by,vdac147_suppl_supplementary_figures.pdf,.pdf,7126775,document,,False,0,,,,,,,
PMC5053413,PLoS One,2016,cc by,pone.0162978.s001.pdf,.pdf,19038,document,,False,0,,,,,,,
PMC5053413,PLoS One,2016,cc by,pone.0162978.s002.pdf,.pdf,371543,document,,False,0,,,,,,,
PMC7855963,Front Oncol,2020,cc by,DataSheet_1.pdf,.pdf,2236394,document,,False,0,,,,,,,
PMC5685212,Sci Data,2017,cc by,sdata2017117-isa1.zip,.zip,45140,other,,False,0,,,,,,,
PMC6588602,Sci Rep,2019,cc by,41598_2019_45535_MOESM1_ESM.pdf,.pdf,793598,document,,False,0,,,,,,,
PMC8268924,J Immunother Cancer,2021,cc by-nc,jitc-2020-002267supp001.pdf,.pdf,215306,document,,False,0,,,,,,,
PMC8166002,Acta Neuropathol Commun,2021,cc by,40478_2021_1205_MOESM1_ESM.pdf,.pdf,2407006,document,,False,0,,,,,,,
PMC7021896,Sci Rep,2020,cc by,41598_2020_59468_MOESM1_ESM.pdf,.pdf,3080528,document,,False,0,,,,,,,
PMC5766611,Nat Commun,2018,cc by,41467_2017_2261_MOESM2_ESM.pdf,.pdf,987523,document,,False,0,,,,,,,
PMC5766611,Nat Commun,2018,cc by,41467_2017_2261_MOESM1_ESM.pdf,.pdf,1990413,document,,False,0,,,,,,,
PMC5896562,Nature,2017,,NIHMS882515-supplement-Supp_Table_2.xlsx,.xlsx,0,empty_or_text,,True,0,,,,,,,
PMC7295765,Nat Commun,2020,cc by,41467_2020_16827_MOESM1_ESM.pdf,.pdf,6013822,document,,False,0,,,,,,,
PMC7295765,Nat Commun,2020,cc by,41467_2020_16827_MOESM2_ESM.pdf,.pdf,2662131,document,,False,0,,,,,,,
PMC7295765,Nat Commun,2020,cc by,41467_2020_16827_MOESM3_ESM.pdf,.pdf,323345,document,,False,0,,,,,,,
PMC7295765,Nat Commun,2020,cc by,41467_2020_16827_MOESM4_ESM.xlsx,.xlsx,113903,dataset_medium,numeric,True,19,489,29,0.98,0.0,0,False,Fig. 1a Normal GBM Fig. 1b Normal GBM Fig. 1c High Low Fig. 1d High Low Fig. 1i SOX2+/WISP1+ OLIG2+/WISP1+
PMC6363013,Oncotarget,2019,cc by,oncotarget-10-660-s001.pdf,.pdf,1345926,document,,False,0,,,,,,,
PMC5976646,Sci Rep,2018,cc by,41598_2018_26840_MOESM1_ESM.pdf,.pdf,1754448,document,,False,0,,,,,,,
PMC7034639,Neurooncol Adv,2020,cc by,vdaa006_suppl_supplementary_figure_legends.docx,.docx,14796,document,,False,0,,,,,,,
PMC6356940,Cancers (Basel),2019,cc by,cancers-11-00085-s001.pdf,.pdf,1026675,document,,False,0,,,,,,,
PMC7416393,Cancer Metab,2020,cc by,40170_2020_215_MOESM1_ESM.pdf,.pdf,462312,document,,False,0,,,,,,,
PMC6468936,Noncoding RNA,2019,cc by,ncrna-05-00025-s001.pdf,.pdf,1100187,document,,False,0,,,,,,,
PMC6338433,J Mach Learn Res,2018,cc by,NIHMS996850-supplement-1.pdf,.pdf,0,document,,False,0,,,,,,,
PMC5345755,PLoS One,2017,cc by,pone.0170991.s004.docx,.docx,18996,document,,False,0,,,,,,,
PMC8990014,Nat Commun,2022,cc by,41467_2022_29469_MOESM2_ESM.pdf,.pdf,263243,document,,False,0,,,,,,,
PMC8990014,Nat Commun,2022,cc by,41467_2022_29469_MOESM3_ESM.zip,.zip,6144994,other,,False,0,,,,,,,
PMC8990014,Nat Commun,2022,cc by,41467_2022_29469_MOESM1_ESM.pdf,.pdf,1435526,document,,False,0,,,,,,,
PMC7060061,Sci Adv,2020,cc by-nc,aay7513_Movie_S1.mp4,.mp4,21464251,media,,False,0,,,,,,,
PMC7060061,Sci Adv,2020,cc by-nc,aay7513_Movie_S2.mp4,.mp4,19016330,media,,False,0,,,,,,,
PMC7060061,Sci Adv,2020,cc by-nc,aay7513_SM.pdf,.pdf,1277254,document,,False,0,,,,,,,
PMC7060061,Sci Adv,2020,cc by-nc,aay7513_Movie_S3.mp4,.mp4,27304219,media,,False,0,,,,,,,
PMC6461515,Oncogene,2019,,NIHMS1514268-supplement-1.pdf,.pdf,0,document,,False,0,,,,,,,
PMC8807082,Neurooncol Adv,2022,cc by,vdab184_suppl_supplementary_figure_legends.docx,.docx,14902,document,,False,0,,,,,,,
PMC8807082,Neurooncol Adv,2022,cc by,vdab184_suppl_supplementary_figures.pptx,.pptx,91321356,figure_image,,False,0,,,,,,,
PMC5986644,Oncotarget,2018,cc by,oncotarget-09-25503-s001.pdf,.pdf,2395881,document,,False,0,,,,,,,
PMC9631060,Adv Sci (Weinh),2022,cc by,ADVS-9-2201888-s001.pdf,.pdf,1906649,document,,False,0,,,,,,,
PMC6838141,Nanotheranostics,2019,cc by,ntnov03p0299s1.pdf,.pdf,825926,document,,False,0,,,,,,,
PMC4801467,Oncoimmunology,2016,cc by,koni-05-02-1082027-s001.zip,.zip,135875,other,,False,0,,,,,,,
PMC9282249,Proc Natl Acad Sci U S A,2022,cc by-nc-nd,pnas.2111003119.sapp.pdf,.pdf,12684789,document,,False,0,,,,,,,
PMC9527525,Neuro Oncol,2022,cc by-nc,noac089_suppl_supplementary_tables_s1-s11.xlsx,.xlsx,83410,small_table,mixed,True,11,40,145,0.16,0.0,0,False,"Supplementary Table 4. Clinical data for the 38 patients with ""diffuse astrocytic glioma, IDH-wildtype, with molecular features of glioblastoma, WHO grade IV""."
PMC9527525,Neuro Oncol,2022,cc by-nc,noac089_suppl_supplementary_figure_s1.pdf,.pdf,337382,document,,False,0,,,,,,,
PMC8534002,Cells,2021,cc by,cells-10-02621-s001.zip,.zip,245552,other,,False,0,,,,,,,
PMC6169574,Oncoimmunology,2018,cc by-nc-nd,koni-07-10-1484982-s001.zip,.zip,2134510,other,,False,0,,,,,,,
PMC5059456,Nat Commun,2016,cc by,ncomms12885-s1.pdf,.pdf,4149874,document,,False,0,,,,,,,
PMC8500868,Acta Neuropathol,2021,cc by,401_2021_2354_MOESM7_ESM.xlsx,.xlsx,9396992,dataset_medium,clinical,True,2,65,55,0.79,0.0,0,False,Unique_index Histopathologic_diagnosis Location Age (Years) Sex Primary.or.recurrence Age.at.initial.Dx Progression.Y/N PFS.from.primary.DX.(months) Death.Yes/No OS.from.initial.Dx.(months) Treatment 
PMC8500868,Acta Neuropathol,2021,cc by,401_2021_2354_MOESM5_ESM.xlsx,.xlsx,80850,dataset_large,omics,True,1,1121,5,0.4,0.0,0,True,Ensembl ID Gene Symbol Corrected p-value Fold-change Direction_in_PATZ1
PMC5597577,Sci Rep,2017,cc by,41598_2017_11914_MOESM1_ESM.pdf,.pdf,661756,document,,False,0,,,,,,,
PMC9629431,Neuro Oncol,2022,cc by-nc,noac116_suppl_supplementary_material.docx,.docx,442953,document,,False,0,,,,,,,
PMC5400565,Oncotarget,2017,cc by,oncotarget-08-21054-s002.docx,.docx,130930,small_table,mixed,False,1,46,10,0.48,0.0,0,False,"Family Family Assay Format % Inhibition of 
Control Specific Binding Reference Compound IC50 Ref (M) % of Control 
Specific Binding % of Control 
Specific Binding % of Control 
Specific Binding"
PMC5400565,Oncotarget,2017,cc by,oncotarget-08-21054-s001.pdf,.pdf,3996207,tiny_table,numeric,False,1,6,6,0.83,0.0,0,False,"Mouse
no. AUC1 Half-life2
(min) Distribution (α)
half-life (min) Elimination (β)
half-life (min) Clearance
(mL/min)"
PMC7903462,STAR Protoc,2021,cc by-nc-nd,mmc1.flv,.flv,2984843,other,,False,0,,,,,,,
PMC7677841,J Neuroinflammation,2020,cc by,12974_2020_2026_MOESM1_ESM.docx,.docx,369767,small_table,numeric,False,3,28,13,0.91,0.0,0,False,"Co-culture 1,2 3,4 5,6 7,8 9,10 11,12 13,14 15,16 17,18 19,20 21,22 23,24"
PMC5887505,Nucleic Acids Res,2018,cc by-nc,gky131_supp.pdf,.pdf,33601235,document,,False,0,,,,,,,
PMC5815062,Nucleic Acids Res,2018,cc by-nc,gkx1221_supp.pdf,.pdf,1545426,document,,False,0,,,,,,,
PMC6685102,Front Immunol,2019,cc by,Data_Sheet_1.PDF,.pdf,220201,dataset_medium,mixed,False,1,142,7,0.38,0.02,0,False,Basic Panel Melanoma  Breast Cancer  Brain Cancer 
PMC9005724,Sci Rep,2022,cc by,41598_2022_10129_MOESM1_ESM.docx,.docx,596521,tiny_table,omics,False,1,7,9,0.38,1.0,0,False,Test Number Particle Diameter (nm) Total Channel Flow Rate (mL/min) PEO oncentration Re Wi Channel exit splitting ratio (Inner : Outer) Percentage of articles ocused the outer half of the channel Resu
PMC6063898,Nat Commun,2018,cc by,41467_2018_5373_MOESM2_ESM.pdf,.pdf,601646,document,,False,0,,,,,,,
PMC6063898,Nat Commun,2018,cc by,41467_2018_5373_MOESM4_ESM.xlsx,.xlsx,148003,dataset_large,omics,True,1,1144,13,0.67,0.0,0,True,"Supplementary Data 1. The original list of Group-1 putative enhancers. The genomic location of each putative enhancer in Group-1 cluster, shown in Figure 1, was listed. The H3K4me1 and H3K27ac change "
PMC6063898,Nat Commun,2018,cc by,41467_2018_5373_MOESM1_ESM.pdf,.pdf,1485968,document,,False,0,,,,,,,
PMC6063898,Nat Commun,2018,cc by,41467_2018_5373_MOESM3_ESM.pdf,.pdf,83241,document,,False,0,,,,,,,
PMC6829263,Cells,2019,cc by,cells-08-01203-s001.pdf,.pdf,546963,document,,False,0,,,,,,,
PMC6777503,Neurooncol Adv,2019,cc by,vdz009_suppl_supplementary_figure_legend.docx,.docx,105200,document,,False,0,,,,,,,
PMC4976202,Nat Commun,2016,cc by,ncomms12431-s1.pdf,.pdf,4201260,document,,False,0,,,,,,,
PMC8699921,Cells,2021,cc by,cells-10-03378-s001.zip,.zip,18252089,other,,False,0,,,,,,,
PMC6450460,Stem Cell Reports,2019,cc by-nc-nd,mmc1.pdf,.pdf,12117279,document,,False,0,,,,,,,
PMC6450460,Stem Cell Reports,2019,cc by-nc-nd,mmc2.pdf,.pdf,16319530,document,,False,0,,,,,,,
PMC9468105,Acta Neuropathol,2022,cc by,401_2022_2478_MOESM2_ESM.pdf,.pdf,13974920,document,,False,0,,,,,,,
PMC9468105,Acta Neuropathol,2022,cc by,401_2022_2478_MOESM1_ESM.xlsx,.xlsx,117011,dataset_large,omics,True,11,1595,5,0.0,0.96,0,False,Supplementary Table 3. Sample manifest for the DNA methylation tSNE clustering analysis.
PMC7337927,Nucleic Acids Res,2020,cc by,gkaa398_supplemental_files.zip,.zip,6111893,other,,False,0,,,,,,,
PMC8301402,Biomedicines,2021,cc by,biomedicines-09-00780-s001.zip,.zip,610845,other,,False,0,,,,,,,
PMC4726202,Sci Rep,2016,cc by,srep18953-s1.pdf,.pdf,391594,document,,False,0,,,,,,,
PMC4730860,Sci Adv,2016,cc by-nc,supp_2_1_e1501292__index.html,.html,2881,other,,False,0,,,,,,,
PMC4730860,Sci Adv,2016,cc by-nc,1501292_SM.pdf,.pdf,11599331,document,,False,0,,,,,,,
PMC8856626,Cell Rep,2021,cc by-nc-nd,NIHMS1753649-supplement-1.pdf,.pdf,0,document,,False,0,,,,,,,
PMC4808011,Oncotarget,2016,cc by,oncotarget-07-0459-s001.pdf,.pdf,1997089,small_table,mixed,False,1,12,5,0.35,0.0,0,False,Vinorelbine 8.97 Anti-mitotic chemotherapy − 0.88
PMC5760520,Sci Rep,2018,cc by,41598_2017_18540_MOESM1_ESM.doc,.doc,72704,document,,False,0,,,,,,,
PMC5882303,Oncotarget,2018,cc by,oncotarget-09-15860-s002.xlsx,.xlsx,51438,dataset_medium,omics,True,2,992,4,0.0,0.95,0,False,Supplementary Table 1B: Gene ontology terms associated with copy suppressor screen hits.
PMC5882303,Oncotarget,2018,cc by,oncotarget-09-15860-s003.xlsx,.xlsx,485459,dataset_large,numeric,True,1,2016,17,0.8,0.0,0,False,Supplementary Table 2: Comprehensive results table from DMSO/Y100 microarray experiment
PMC5882303,Oncotarget,2018,cc by,oncotarget-09-15860-s001.pdf,.pdf,6810818,document,,False,0,,,,,,,
PMC7289245,Tomography,2020,cc by-nc-nd,tom.2019.00029.sup.01.pdf,.pdf,491942,document,,False,0,,,,,,,
PMC7289245,Tomography,2020,cc by-nc-nd,tom.2019.00029.sup.02.pdf,.pdf,178471,document,,False,0,,,,,,,
PMC5238458,Neoplasia,2017,cc by-nc-nd,mmc1.pdf,.pdf,1299068,document,,False,0,,,,,,,
PMC6535376,Nat Biotechnol,2018,,NIHMS1510320-supplement-Supplementary_Figures_1-19_and_Supplementary_Figures_and_Table_1.pdf,.pdf,0,document,,False,0,,,,,,,
PMC5666319,Oncogene,2017,cc by-nc-nd,onc2017261x1.pdf,.pdf,2507691,document,,False,0,,,,,,,
PMC6904446,Sci Rep,2019,cc by,41598_2019_54286_MOESM5_ESM.pdf,.pdf,34180,document,,False,0,,,,,,,
PMC6904446,Sci Rep,2019,cc by,41598_2019_54286_MOESM4_ESM.pdf,.pdf,70349,document,,False,0,,,,,,,
PMC6904446,Sci Rep,2019,cc by,41598_2019_54286_MOESM1_ESM.pdf,.pdf,261761,document,,False,0,,,,,,,
PMC6904446,Sci Rep,2019,cc by,41598_2019_54286_MOESM2_ESM.pdf,.pdf,102319,dataset_medium,clinical,False,1,63,6,0.44,0.13,0,False,"Tumor Age at surgery
(years) Sex Spinal
location Number of
spinal levels Follow up
duration (mo)"
PMC6904446,Sci Rep,2019,cc by,41598_2019_54286_MOESM3_ESM.pdf,.pdf,28476,document,,False,0,,,,,,,
PMC5668041,Oncotarget,2017,cc by,oncotarget-08-79298-s001.pdf,.pdf,489320,document,,False,0,,,,,,,
PMC6521049,Cancers (Basel),2019,cc by,cancers-11-00466-s001.pdf,.pdf,514343,document,,False,0,,,,,,,
PMC5241103,Tomography,2016,cc by,tom-00187-16-s001.pdf,.pdf,136836,document,,False,0,,,,,,,
PMC7005303,Sci Rep,2020,cc by,41598_2020_58919_MOESM1_ESM.docx,.docx,4311525,document,,False,0,,,,,,,
PMC5612804,Transl Oncol,2017,cc by-nc-nd,mmc1.docx,.docx,99858,small_table,mixed,False,1,20,6,0.32,0.42,0,False,"Parameters Parameters Tissue Region Mean ±  SD Tau Number of patients  median 
p-value"
PMC5902741,Front Pharmacol,2018,cc by,Video2.MOV,.mov,5225077,media,,False,0,,,,,,,
PMC5902741,Front Pharmacol,2018,cc by,Video6.MOV,.mov,5247854,media,,False,0,,,,,,,
PMC5902741,Front Pharmacol,2018,cc by,Video4.MOV,.mov,5150512,media,,False,0,,,,,,,
PMC5902741,Front Pharmacol,2018,cc by,Video3.MOV,.mov,5185911,media,,False,0,,,,,,,
PMC5902741,Front Pharmacol,2018,cc by,Video1.MOV,.mov,5166496,media,,False,0,,,,,,,
PMC5902741,Front Pharmacol,2018,cc by,Video5.MOV,.mov,5204946,media,,False,0,,,,,,,
PMC5902741,Front Pharmacol,2018,cc by,DataSheet1.DOCX,.docx,90512,document,,False,0,,,,,,,
PMC7831112,Mar Drugs,2021,cc by,marinedrugs-19-00041-s001.pdf,.pdf,3421219,dataset_medium,omics,False,1,366,7,0.53,0.53,0,False,Breast Cancer Cell Line ER PR HER2 Gene-expression Subtype Media ATCC Number
PMC5311075,Oncogene,2017,,NIHMS798271-supplement-1.docx,.docx,0,document,,False,0,,,,,,,
PMC6881905,Neurooncol Adv,2019,cc by-nc,vdz030_suppl_supplemantary_figures_tables_legends.docx,.docx,14532,document,,False,0,,,,,,,
PMC6881905,Neurooncol Adv,2019,cc by-nc,vdz030_suppl_supplementary_figures_tables.pptx,.pptx,7634109,figure_image,,False,0,,,,,,,
PMC9154335,Neurooncol Adv,2022,cc by-nc,vdac041_suppl_supplementary_materials.docx,.docx,32394,document,,False,0,,,,,,,
PMC6770789,Cancers (Basel),2019,cc by,cancers-11-01392-s001.zip,.zip,12087659,other,,False,0,,,,,,,
PMC6843001,Front Oncol,2019,cc by,Table_2.XLSX,.xlsx,63108,dataset_medium,omics,True,1,422,14,0.93,0.78,0,False,UID row_clusters-flat Core-piece:GBM199-1 Core-piece:GBM215-1 Core-piece:GBM179-1 Core-piece:GBM-197-1 Core-piece:GBM-193-1 Core-piece:GBM216-1 Invasive-tumor-edge:GBM216-2 Invasive-tumor-edge:GBM-193
PMC6843001,Front Oncol,2019,cc by,Table_1.XLSX,.xlsx,16282,small_table,omics,True,1,12,35,0.59,0.8,0,False,SUPPLEMENTARY TABLE 1: Genomic Sequencing of Matched En Bloc and Myriad GBM samples and Corresponding PDX 
PMC9360428,NPJ Precis Oncol,2022,cc by,41698_2022_294_MOESM1_ESM.docx,.docx,11478968,document,,False,0,,,,,,,
PMC9360428,NPJ Precis Oncol,2022,cc by,41698_2022_294_MOESM2_ESM.pdf,.pdf,1446110,document,,False,0,,,,,,,
PMC9360428,NPJ Precis Oncol,2022,cc by,41698_2022_294_MOESM3_ESM.xlsx,.xlsx,1862143,dataset_large,omics,True,17,8075,7,0.86,0.96,0,True,Supplementary Table 10. Differentially expressed genes (DEGs) in UW7 primary tumor SNN clusters
PMC5400620,Oncotarget,2017,cc by,oncotarget-08-21741-s001.pdf,.pdf,1469523,document,,False,0,,,,,,,
PMC8690937,Theranostics,2022,cc by,thnov12p0362s1.pdf,.pdf,1484473,document,,False,0,,,,,,,
PMC9575333,IEEE Trans Med Imaging,2022,cc by,NIHMS1831336-supplement-supp1-3148780.xlsx,.xlsx,0,empty_or_text,,True,0,,,,,,,
PMC5029636,Oncotarget,2016,cc by,oncotarget-07-23416-s001.pdf,.pdf,4181807,document,,False,0,,,,,,,
PMC7746944,Neuro Oncol,2020,cc by-nc,noaa127_suppl_supplementary_material.pdf,.pdf,63601642,document,,False,0,,,,,,,
PMC6019044,J Natl Cancer Inst,2018,cc by-nc,supplement_material_djx166.zip,.zip,3703646,other,,False,0,,,,,,,
PMC8092340,Oncotarget,2021,cc by,oncotarget-12-891-s001.pdf,.pdf,1279293,document,,False,0,,,,,,,
PMC6788733,PLoS One,2019,cc by,pone.0222717.s001.xlsx,.xlsx,30897,dataset_medium,clinical,True,1,648,9,1.0,0.0,0,False,age biopsy_debulking KPS adjuvant_treatment SVZ status survival  censoring Variables
PMC6788733,PLoS One,2019,cc by,pone.0222717.s002.pdf,.pdf,147513,document,,False,0,,,,,,,
PMC6788733,PLoS One,2019,cc by,pone.0222717.s008.docx,.docx,19220,small_table,numeric,False,1,18,5,0.53,0.0,0,False,UMCU cohort    
PMC6788733,PLoS One,2019,cc by,pone.0222717.s003.pdf,.pdf,829494,document,,False,0,,,,,,,
PMC4740908,Nat Commun,2016,cc by,ncomms10593-s2.mov,.mov,21364238,media,,False,0,,,,,,,
PMC4740908,Nat Commun,2016,cc by,ncomms10593-s1.pdf,.pdf,783975,document,,False,0,,,,,,,
PMC4740908,Nat Commun,2016,cc by,ncomms10593-s3.mov,.mov,1109182,media,,False,0,,,,,,,
PMC4740908,Nat Commun,2016,cc by,ncomms10593-s4.mov,.mov,3941378,media,,False,0,,,,,,,
PMC4740908,Nat Commun,2016,cc by,ncomms10593-s5.mov,.mov,2402222,media,,False,0,,,,,,,
PMC7591536,Nat Commun,2020,cc by,41467_2020_19193_MOESM1_ESM.pdf,.pdf,15442362,document,,False,0,,,,,,,
PMC7591536,Nat Commun,2020,cc by,41467_2020_19193_MOESM4_ESM.xlsx,.xlsx,173393,small_table,mixed,True,55,47,29,0.48,0.0,0,False,"Treatment conditions DMSO Ferrostatin (2 uM) DFO (0.1, 0.2, 0.2 mM) Liproxstatin (0.2uM) Ordinary one-way ANOVA (Multiple comparisons) for 4SA alone"
PMC7591536,Nat Commun,2020,cc by,41467_2020_19193_MOESM2_ESM.pdf,.pdf,427703,document,,False,0,,,,,,,
PMC7591536,Nat Commun,2020,cc by,41467_2020_19193_MOESM3_ESM.pdf,.pdf,204383,document,,False,0,,,,,,,
PMC7767991,Front Comput Neurosci,2020,cc by,Table_1.xlsx,.xlsx,13852,dataset_medium,clinical,True,2,75,7,0.16,0.0,0,False,CODE Diagnosis Resection  Age Gender Treatment 
PMC5470095,Stem Cell Reports,2017,cc by-nc-nd,mmc6.pdf,.pdf,21366791,document,,False,0,,,,,,,
PMC5470095,Stem Cell Reports,2017,cc by-nc-nd,mmc3.xls,.xls,1411072,dataset_large,mixed,True,2,3838,13,0.17,0.0,0,False,"© 2000-2014 QIAGEN. All rights reserved.       © 2000-2014 Ingenuity Systems, Inc. All rights reserved.     "
PMC5470095,Stem Cell Reports,2017,cc by-nc-nd,mmc1.pdf,.pdf,17987164,document,,False,0,,,,,,,
PMC5470095,Stem Cell Reports,2017,cc by-nc-nd,mmc2.xls,.xls,70144,dataset_medium,omics,True,1,294,11,0.2,1.0,0,False,"© 2000-2014 Ingenuity Systems, Inc. All rights reserved.      © 2000-2014 QIAGEN. All rights reserved.    "
PMC6038689,Anal Cell Pathol (Amst),2018,cc by,5917470.f2.avi,.avi,1155576,media,,False,0,,,,,,,
PMC6038689,Anal Cell Pathol (Amst),2018,cc by,5917470.f5.avi,.avi,1694744,media,,False,0,,,,,,,
PMC6038689,Anal Cell Pathol (Amst),2018,cc by,5917470.f3.avi,.avi,531798,media,,False,0,,,,,,,
PMC6038689,Anal Cell Pathol (Amst),2018,cc by,5917470.f4.avi,.avi,536332,media,,False,0,,,,,,,
PMC6038689,Anal Cell Pathol (Amst),2018,cc by,5917470.f6.avi,.avi,1252118,media,,False,0,,,,,,,
PMC6038689,Anal Cell Pathol (Amst),2018,cc by,5917470.f1.avi,.avi,2318766,media,,False,0,,,,,,,
PMC9273968,Front Oncol,2022,cc by,DataSheet_1.docx,.docx,15130,document,,False,0,,,,,,,
PMC6783693,EMBO Mol Med,2019,cc by,EMMM-11-e10769-s006.pdf,.pdf,366991,document,,False,0,,,,,,,
PMC6783693,EMBO Mol Med,2019,cc by,EMMM-11-e10769-s004.pdf,.pdf,821942,document,,False,0,,,,,,,
PMC6783693,EMBO Mol Med,2019,cc by,EMMM-11-e10769-s003.pdf,.pdf,63719,document,,False,0,,,,,,,
PMC6783693,EMBO Mol Med,2019,cc by,EMMM-11-e10769-s007.zip,.zip,1156938,other,,False,0,,,,,,,
PMC6783693,EMBO Mol Med,2019,cc by,EMMM-11-e10769-s001.pdf,.pdf,1724550,tiny_table,omics,False,1,5,3,0.46,0.75,0,False,EC50  
PMC6783693,EMBO Mol Med,2019,cc by,EMMM-11-e10769-s008.pdf,.pdf,389094,document,,False,0,,,,,,,
PMC6783693,EMBO Mol Med,2019,cc by,EMMM-11-e10769-s002.pdf,.pdf,1468341,document,,False,0,,,,,,,
PMC6783693,EMBO Mol Med,2019,cc by,EMMM-11-e10769-s005.pdf,.pdf,404656,document,,False,0,,,,,,,
PMC5514897,Oncotarget,2017,cc by,oncotarget-08-37140-s001.pdf,.pdf,1645286,tiny_table,numeric,False,1,6,6,1.0,0.0,0,False,0.6 5.0 0.22746 0.6 5.0 0.20250
PMC8430372,Mol Ther Oncolytics,2021,cc by-nc-nd,mmc1.pdf,.pdf,428290,document,,False,0,,,,,,,
PMC8430372,Mol Ther Oncolytics,2021,cc by-nc-nd,mmc2.pdf,.pdf,1536917,document,,False,0,,,,,,,
PMC6422384,Oncoimmunology,2019,cc by-nc-nd,koni-08-04-1561106-s001.xlsx,.xlsx,3637258,dataset_large,mixed,True,6,57884,5,0.4,0.0,0,False,gene_id gene_name Pre-Treatment Specimen Post-Treatment Specimen locus
PMC6399311,Cell Death Discov,2019,cc by,41420_2019_155_MOESM1_ESM.pdf,.pdf,65284,document,,False,0,,,,,,,
PMC6418088,Sci Rep,2019,cc by,41598_2019_40327_MOESM1_ESM.pdf,.pdf,9590052,document,,False,0,,,,,,,
PMC8541707,Neurooncol Adv,2021,cc by-nc,vdab132_suppl_supplementary_materials.docx,.docx,98433920,document,,False,0,,,,,,,
PMC8086242,Neurooncol Adv,2021,cc by-nc,vdab041_suppl_supplementary_figure_2.pdf,.pdf,156282,document,,False,0,,,,,,,
PMC8086242,Neurooncol Adv,2021,cc by-nc,vdab041_suppl_supplementary_tables_and_legends.docx,.docx,29423,small_table,mixed,False,4,12,11,0.38,0.0,0,False,Terms Year 1 Year 1 Year 2 Year 2 Year 3 Year 3 Year 4 Year 4 Year 5 Year 5
PMC8086242,Neurooncol Adv,2021,cc by-nc,vdab041_suppl_supplementary_figure_1.pdf,.pdf,109770,document,,False,0,,,,,,,
PMC9196939,Front Oncol,2022,cc by,Table_1.pdf,.pdf,409108,document,,False,0,,,,,,,
PMC9338058,NPJ Precis Oncol,2022,cc by,41698_2022_290_MOESM2_ESM.pdf,.pdf,2143563,document,,False,0,,,,,,,
PMC9338058,NPJ Precis Oncol,2022,cc by,41698_2022_290_MOESM1_ESM.pdf,.pdf,1553798,dataset_medium,numeric,False,1,127,12,0.7,0.17,0,False,Parameter Variable Value Unit Source
PMC6344513,Sci Rep,2019,cc by,41598_2018_37390_MOESM1_ESM.pdf,.pdf,4267205,document,,False,0,,,,,,,
PMC9099860,Int J Mol Sci,2022,,ijms-23-05129-s001.zip,.zip,663412,other,,False,0,,,,,,,
PMC6599391,Nat Commun,2019,cc by,41467_2019_10912_MOESM3_ESM.pdf,.pdf,258906,document,,False,0,,,,,,,
PMC6599391,Nat Commun,2019,cc by,41467_2019_10912_MOESM4_ESM.xlsx,.xlsx,13834736,dataset_large,numeric,True,9,118273,15,0.87,0.0,0,False,bin counts day mean_fluorescence pixels promoter replicate total_fluorescence plate avg_counts sum_counts sum_avg_counts prob_distrib avg_prob_distrib promoter_f
PMC6599391,Nat Commun,2019,cc by,41467_2019_10912_MOESM1_ESM.pdf,.pdf,952688,document,,False,0,,,,,,,
PMC6599391,Nat Commun,2019,cc by,41467_2019_10912_MOESM2_ESM.pdf,.pdf,73155,document,,False,0,,,,,,,
PMC6260722,Genome Biol,2018,cc by,13059_2018_1576_MOESM6_ESM.xlsx,.xlsx,24997,dataset_medium,numeric,True,1,335,3,0.66,0.02,0,True,Gene Average log(Fold Change) P value (Bonferroni Corrected)
PMC6260722,Genome Biol,2018,cc by,13059_2018_1576_MOESM2_ESM.xlsx,.xlsx,3683521,dataset_large,omics,True,12,14139,2,0.5,0.97,0,False,Gene Spearman coefficient
PMC6260722,Genome Biol,2018,cc by,13059_2018_1576_MOESM3_ESM.xlsx,.xlsx,90659,dataset_medium,numeric,True,12,626,4,0.75,0.0,0,True,Gene Ontology Term FDR Enrichment Score Normalized Enrichment Score
PMC6260722,Genome Biol,2018,cc by,13059_2018_1576_MOESM11_ESM.xlsx,.xlsx,21074,small_table,omics,True,2,28,6,0.64,0.0,0,True,Ingenuity Canonical Pathways  -log(p-value) p-value (FDR corrected) Ratio z-score Molecules
PMC6260722,Genome Biol,2018,cc by,13059_2018_1576_MOESM9_ESM.xlsx,.xlsx,462613,dataset_large,omics,True,1,12474,3,0.67,0.98,0,True,Gene Average log(Fold Change) P value (Bonferroni Corrected)
PMC6260722,Genome Biol,2018,cc by,13059_2018_1576_MOESM10_ESM.xlsx,.xlsx,9009,tiny_table,omics,True,1,30,1,0.0,1.0,0,False,DMSO BT159 Mitosis genes 
PMC6260722,Genome Biol,2018,cc by,13059_2018_1576_MOESM1_ESM.pdf,.pdf,15235433,document,,False,0,,,,,,,
PMC6260722,Genome Biol,2018,cc by,13059_2018_1576_MOESM5_ESM.xlsx,.xlsx,8765,tiny_table,mixed,True,1,14,1,0.0,0.0,0,False,FL5.12 G1S Genes
PMC6260722,Genome Biol,2018,cc by,13059_2018_1576_MOESM8_ESM.xlsx,.xlsx,18224,dataset_medium,numeric,True,1,176,4,0.75,0.0,0,True,Gene Ontology Term FDR Enrichment Score Normalized Enrichment Score
PMC6260722,Genome Biol,2018,cc by,13059_2018_1576_MOESM7_ESM.xlsx,.xlsx,45010,dataset_large,mixed,True,1,1197,2,0.5,0.02,0,True,Gene Average log(Fold Change)
PMC6260722,Genome Biol,2018,cc by,13059_2018_1576_MOESM4_ESM.xlsx,.xlsx,9995,dataset_medium,mixed,True,1,59,4,0.0,0.0,0,False,L1210 Chrom Seg L1210 DNA Replication Genes FL5.12 Chrom Seg FL5.12 DNA Replication
PMC8989389,Neurooncol Adv,2022,,vdac012_suppl_supplementary_table.docx,.docx,25504,document,,False,0,,,,,,,
PMC8773151,Biomedicines,2021,,biomedicines-10-00009-s001.zip,.zip,1150099,other,,False,0,,,,,,,
PMC8113440,Nat Commun,2021,,41467_2021_22885_MOESM2_ESM.pdf,.pdf,1275851,document,,False,0,,,,,,,
PMC8113440,Nat Commun,2021,,41467_2021_22885_MOESM1_ESM.pdf,.pdf,1184244,document,,False,0,,,,,,,
PMC8113440,Nat Commun,2021,,41467_2021_22885_MOESM3_ESM.xlsx,.xlsx,274750,dataset_large,mixed,True,60,745,9,0.5,0.01,0,False,NAME DESCRIPTION FC: [tumor_tx / tumor_ctrl] P-value: tumor_tx vs. tumor_ctrl
PMC8080729,Sci Rep,2021,,41598_2021_88615_MOESM1_ESM.docx,.docx,1485002,small_table,numeric,False,2,49,3,0.65,0.0,0,True,miRNA log2FC Adjusted p value
PMC5342141,Oncotarget,2016,,oncotarget-07-72021-s001.pdf,.pdf,1679326,document,,False,0,,,,,,,
PMC5361089,Sci Rep,2017,,srep44792-s1.pdf,.pdf,251170,document,,False,0,,,,,,,
PMC5813209,Sci Rep,2018,,41598_2018_21358_MOESM1_ESM.pdf,.pdf,405892,document,,False,0,,,,,,,
PMC5458248,Oncotarget,2017,,oncotarget-08-31785-s001.pdf,.pdf,4514284,document,,False,0,,,,,,,
PMC7920530,Neurooncol Adv,2021,,vdaa149_suppl_supplementary_figures_s1-s7.pdf,.pdf,685621,document,,False,0,,,,,,,
PMC7920530,Neurooncol Adv,2021,,vdaa149_suppl_supplementary_materials.docx,.docx,42536,document,,False,0,,,,,,,
PMC5842038,Sci Adv,2018,,aar2766_SM.pdf,.pdf,1830235,small_table,numeric,False,1,32,15,0.63,0.26,0,False,icture ID   Internalized   Co-localized with membrane   Total cell  
PMC5842038,Sci Adv,2018,,aar2766_MovieS1.mov,.mov,3737006,media,,False,0,,,,,,,
PMC5842038,Sci Adv,2018,,supp_4_3_eaar2766__index.html,.html,2092,other,,False,0,,,,,,,
PMC6128481,PLoS One,2018,,pone.0203290.s004.xlsx,.xlsx,13687,small_table,numeric,True,4,25,7,0.95,0.0,0,False,ug/ml exos hr after exos addition 24 48 72 90 Fraction increase in average background subtracted value at 90 hr
PMC6128481,PLoS One,2018,,pone.0203290.s006.xlsx,.xlsx,18327,small_table,numeric,True,5,33,11,0.54,0.0,0,False,Date Name I.I.(K Counts) subt bkg itga5 bkg subt values norm to itga5 bkg subt values normalize wcl signal to exo signal for itga5 norm values Decimal of wc signal in exos Name % Flag-K-Ras released f
PMC6128481,PLoS One,2018,,pone.0203290.s005.xlsx,.xlsx,15677,small_table,mixed,True,4,25,10,0.5,0.0,0,False,Date Name I.I.(K Counts) subt bkg itga5 bkg subt values norm to itga5 bkg subt values norm to itga5 bkg subt values Name % released to exos average of 2 for % released to exos
PMC5355046,Oncotarget,2017,,oncotarget-08-12695-s001.pdf,.pdf,1924202,document,,False,0,,,,,,,
PMC7806473,Theranostics,2021,,thnov11p2534s2.mp4,.mp4,371012,media,,False,0,,,,,,,
PMC7806473,Theranostics,2021,,thnov11p2534s4.mp4,.mp4,3502114,media,,False,0,,,,,,,
PMC7806473,Theranostics,2021,,thnov11p2534s3.mp4,.mp4,3572528,media,,False,0,,,,,,,
PMC7806473,Theranostics,2021,,thnov11p2534s1.pdf,.pdf,1889808,small_table,mixed,False,1,16,4,0.3,0.0,0,False,"Compound number
name Calculated m-1 Calculated [m-2]/2 Calculated [m-3]/3"
PMC5889290,Oncoimmunology,2018,,koni-07-04-1412909-s002.xlsx,.xlsx,45508,dataset_medium,mixed,True,1,633,6,0.43,0.0,0,False,Group Canonical Pathways  -log(p-value) Ratio z-score Molecules
PMC5889290,Oncoimmunology,2018,,koni-07-04-1412909-s003.doc,.doc,33792,document,,False,0,,,,,,,
PMC5889290,Oncoimmunology,2018,,koni-07-04-1412909-s001.xlsx,.xlsx,2454288,dataset_large,omics,True,2,4702,10,0.34,0.0,0,False,Row Labels RGSC_vs_others PGSC_vs_others Gene ID Gene name Protein name Function Subcellular location Gene ontology (GO) Involvement in disease
PMC5889290,Oncoimmunology,2018,,koni-07-04-1412909-s004.zip,.zip,1907890,other,,False,0,,,,,,,
PMC5454541,Nat Commun,2017,,ncomms15322-s2.xlsx,.xlsx,44480,small_table,mixed,True,3,36,8,0.33,0.0,0,False,Source of Variation % of total variation P value P value summary Significant?
PMC5454541,Nat Commun,2017,,ncomms15322-s4.pdf,.pdf,17779910,document,,False,0,,,,,,,
PMC5454541,Nat Commun,2017,,ncomms15322-s1.pdf,.pdf,6584547,tiny_table,mixed,False,1,6,7,0.32,0.0,0,False," PBS Free EB PLA NPs PLA-PEG NPs PLA -HPG NPs PLA-HPG-CHO
NPs"
PMC5454541,Nat Commun,2017,,ncomms15322-s3.mp4,.mp4,15083503,media,,False,0,,,,,,,
PMC9142563,iScience,2022,,mmc1.pdf,.pdf,10212078,document,,False,0,,,,,,,
PMC6637128,Sci Rep,2019,,41598_2019_45902_MOESM6_ESM.mov,.mov,6868860,media,,False,0,,,,,,,
PMC6637128,Sci Rep,2019,,41598_2019_45902_MOESM3_ESM.mov,.mov,6830179,media,,False,0,,,,,,,
PMC6637128,Sci Rep,2019,,41598_2019_45902_MOESM8_ESM.mov,.mov,7179160,media,,False,0,,,,,,,
PMC6637128,Sci Rep,2019,,41598_2019_45902_MOESM4_ESM.mov,.mov,7276861,media,,False,0,,,,,,,
PMC6637128,Sci Rep,2019,,41598_2019_45902_MOESM5_ESM.mov,.mov,3409297,media,,False,0,,,,,,,
PMC6637128,Sci Rep,2019,,41598_2019_45902_MOESM7_ESM.mov,.mov,9077194,media,,False,0,,,,,,,
PMC6637128,Sci Rep,2019,,41598_2019_45902_MOESM1_ESM.pdf,.pdf,496167,document,,False,0,,,,,,,
PMC6637128,Sci Rep,2019,,41598_2019_45902_MOESM2_ESM.mov,.mov,23815913,media,,False,0,,,,,,,
