PatientID,idh,os,dead,age
R001U,IDH-wildtype,6.6,1.0,70.0
R002U,IDH-wildtype,17.73,1.0,42.0
R003U,IDH-wildtype,17.07,1.0,67.0
R004U,IDH-wildtype,27.2,1.0,50.0
R005U,IDH-wildtype,12.8,1.0,58.0
R006U,IDH-wildtype,17.53,1.0,59.0
R007U,IDH-wildtype,21.27,1.0,69.0
R008U,IDH-wildtype,15.27,1.0,46.0
R009U,IDH-mutant,46.37,1.0,67.0
R010U,IDH-mutant,22.8,1.0,50.0
R012U,IDH-mutant,45.17,1.0,49.0
R019U,IDH-wildtype,18.4,1.0,48.0
R020U,IDH-wildtype,40.9,1.0,52.5
R021U,IDH-wildtype,13.43,1.0,44.5
R022U,IDH-wildtype,141.87,1.0,35.0
R023U,IDH-wildtype,18.7,1.0,64.0
R024U,IDH-wildtype,16.67,1.0,46.4
R025U,IDH-wildtype,4.37,1.0,67.0
R026U,IDH-wildtype,18.73,1.0,63.7
R027U,IDH-mutant,38.77,1.0,62.0
R029U,IDH-wildtype,17.0,1.0,52.3
R056U,IDH-wildtype,60.6666666666667,0.0,42.0
R059U,IDH-wildtype,48.7,0.0,37.0
R060U,IDH-wildtype,38.8333333333333,0.0,32.0
R061U,IDH-wildtype,34.8333333333333,1.0,48.0
R063U,IDH-wildtype,32.6666666666667,0.0,34.0
R064U,IDH-wildtype,42.2666666666667,0.0,56.0
R065U,IDH-wildtype,25.8,1.0,38.0
R066U,IDH-wildtype,23.2666666666667,0.0,51.0
R067U,IDH-wildtype,22.0333333333333,1.0,51.0
R068U,IDH-wildtype,19.0666666666667,1.0,74.0
R070U,IDH-wildtype,16.6333333333333,0.0,72.0
R071U,IDH-wildtype,15.5333333333333,1.0,65.0
R072U,IDH-wildtype,13.8333333333333,1.0,74.0
R074U,IDH-wildtype,11.9666666666667,1.0,41.0
R076U,IDH-mutant,57.6,1.0,40.0
R077U,IDH-mutant,44.5,0.0,44.0
R078U,IDH-wildtype,81.4666666666667,1.0,39.0
R080U,IDH-wildtype,33.0333333333333,1.0,60.0
R081U,IDH-wildtype,16.9,1.0,58.0
R082U,IDH-wildtype,10.6333333333333,0.0,49.0
R083U,IDH-wildtype,33.7333333333333,1.0,50.0
R084U,IDH-wildtype,33.1,1.0,43.0
R085U,IDH-wildtype,32.2333333333333,1.0,51.0
R086U,IDH-wildtype,31.5,1.0,29.0
R087U,IDH-wildtype,27.4333333333333,0.0,37.0
R088U,IDH-wildtype,25.0666666666667,1.0,32.0
R089U,IDH-wildtype,15.2,1.0,41.0
R090U,IDH-wildtype,12.9333333333333,1.0,44.0
R091U,IDH-wildtype,11.8666666666667,1.0,45.0
R092U,IDH-wildtype,10.9666666666667,1.0,47.0
R093U,IDH-wildtype,8.3,0.0,73.0
R095U,IDH-wildtype,19.9333333333333,0.0,61.0
R099U,IDH-wildtype,19.4,0.0,57.0
R100U,IDH-wildtype,17.8,1.0,45.0
R101U,IDH-wildtype,14.0,1.0,63.0
R102U,IDH-wildtype,16.4333333333333,1.0,69.0
R103U,IDH-wildtype,18.5666666666667,1.0,55.0
R104U,IDH-wildtype,27.6333333333333,0.0,54.0
R105U,IDH-wildtype,24.3,0.0,55.0
R106U,IDH-wildtype,13.3666666666667,1.0,51.0
R107U,IDH-wildtype,15.8,0.0,52.0
R108U,IDH-wildtype,8.63333333333333,0.0,56.0
R109U,IDH-wildtype,18.6666666666667,1.0,51.0
R110U,IDH-wildtype,8.2,0.0,49.0
R111U,IDH-wildtype,14.2666666666667,1.0,31.0
R112U,IDH-wildtype,10.2666666666667,1.0,70.0
R113U,IDH-wildtype,18.4666666666667,1.0,51.0
R114U,IDH-wildtype,74.6333333333333,0.0,45.0
TCGA-02-0001,IDH-wildtype,11.76,1.0,44.0
TCGA-02-0003,IDH-wildtype,4.73,1.0,50.0
TCGA-02-0004,IDH-wildtype,11.33,1.0,59.0
TCGA-02-0007,IDH-wildtype,23.16,1.0,40.0
TCGA-02-0009,IDH-wildtype,10.58,1.0,61.0
TCGA-02-0010,IDH-mutant,35.38,1.0,20.0
TCGA-02-0011,IDH-wildtype,20.7,1.0,18.0
TCGA-02-0014,IDH-mutant,82.52,1.0,25.0
TCGA-02-0015,IDH-wildtype,20.6,1.0,50.0
TCGA-02-0016,IDH-wildtype,86.99,1.0,50.0
TCGA-02-0021,IDH-wildtype,77.6,1.0,43.0
TCGA-02-0023,IDH-wildtype,20.11,1.0,38.0
TCGA-02-0024,IDH-wildtype,53.06,1.0,35.0
TCGA-02-0025,IDH-wildtype,42.71,1.0,47.0
TCGA-02-0026,IDH-mutant,24.57,1.0,27.0
TCGA-02-0027,IDH-wildtype,12.16,1.0,33.0
TCGA-02-0028,IDH-mutant,90.51,1.0,39.0
TCGA-02-0033,IDH-wildtype,2.83,1.0,54.0
TCGA-02-0034,IDH-wildtype,14.13,1.0,60.0
TCGA-02-0038,IDH-wildtype,10.71,1.0,48.0
TCGA-02-0039,IDH-wildtype,10.51,1.0,54.0
TCGA-02-0043,IDH-wildtype,18.3,1.0,54.0
TCGA-02-0046,IDH-wildtype,6.87,1.0,61.0
TCGA-02-0047,IDH-wildtype,14.72,1.0,78.0
TCGA-02-0048,IDH-wildtype,3.22,1.0,80.0
TCGA-02-0052,IDH-wildtype,12.58,1.0,49.0
TCGA-02-0054,IDH-wildtype,6.54,1.0,44.0
TCGA-02-0055,IDH-wildtype,2.5,1.0,62.0
TCGA-02-0057,IDH-wildtype,19.84,1.0,66.0
TCGA-02-0058,IDH-mutant,8.34,1.0,28.0
TCGA-02-0060,IDH-wildtype,6.01,1.0,66.0
TCGA-02-0064,IDH-wildtype,19.71,1.0,50.0
TCGA-02-0068,IDH-wildtype,26.41,1.0,57.0
TCGA-02-0069,IDH-wildtype,28.68,0.0,31.0
TCGA-02-0070,IDH-wildtype,25.03,0.0,70.0
TCGA-02-0071,IDH-wildtype,5.49,1.0,53.0
TCGA-02-0074,IDH-wildtype,10.18,1.0,68.0
TCGA-02-0075,IDH-wildtype,20.83,1.0,63.0
TCGA-02-0079,IDH-wildtype,27.23,1.0,57.0
TCGA-02-0080,IDH-mutant,89.65,1.0,28.0
TCGA-02-0083,IDH-wildtype,22.7,1.0,59.0
TCGA-02-0084,IDH-mutant,12.61,1.0,36.0
TCGA-02-0085,IDH-wildtype,51.28,1.0,63.0
TCGA-02-0086,IDH-wildtype,8.8,1.0,45.0
TCGA-02-0089,IDH-wildtype,16.95,1.0,52.0
TCGA-02-0099,IDH-wildtype,3.48,1.0,46.0
TCGA-02-0102,IDH-wildtype,27.0,1.0,42.0
TCGA-02-0104,IDH-wildtype,64.95,1.0,29.0
TCGA-02-0107,IDH-wildtype,17.64,1.0,56.0
TCGA-02-0113,IDH-wildtype,92.58,0.0,43.0
TCGA-02-0114,IDH-mutant,99.9,1.0,37.0
TCGA-02-0115,IDH-wildtype,15.64,1.0,52.0
TCGA-02-0116,IDH-wildtype,48.92,1.0,51.0
TCGA-02-2466,IDH-wildtype,16.79,1.0,61.0
TCGA-02-2470,IDH-wildtype,12.91,1.0,57.0
TCGA-02-2483,IDH-mutant,15.31,0.0,43.0
TCGA-02-2485,IDH-wildtype,15.44,0.0,53.0
TCGA-02-2486,IDH-wildtype,20.3,1.0,64.0
TCGA-06-0119,IDH-wildtype,2.69,1.0,81.0
TCGA-06-0122,IDH-wildtype,6.14,1.0,84.0
TCGA-06-0124,IDH-wildtype,20.37,1.0,67.0
TCGA-06-0125,IDH-wildtype,47.57,1.0,63.0
TCGA-06-0126,IDH-wildtype,6.93,1.0,86.0
TCGA-06-0127,IDH-wildtype,3.98,1.0,67.0
TCGA-06-0128,IDH-mutant,22.7,1.0,66.0
TCGA-06-0129,IDH-mutant,33.64,1.0,30.0
TCGA-06-0130,IDH-wildtype,12.94,1.0,54.0
TCGA-06-0132,IDH-wildtype,25.33,1.0,49.0
TCGA-06-0133,IDH-wildtype,14.29,1.0,64.0
TCGA-06-0137,IDH-wildtype,26.68,1.0,63.0
TCGA-06-0138,IDH-wildtype,24.21,1.0,43.0
TCGA-06-0139,IDH-wildtype,11.89,1.0,40.0
TCGA-06-0140,IDH-wildtype,0.2,1.0,86.0
TCGA-06-0141,IDH-wildtype,10.28,1.0,62.0
TCGA-06-0142,IDH-wildtype,2.2,1.0,81.0
TCGA-06-0143,IDH-wildtype,11.73,1.0,58.0
TCGA-06-0145,IDH-wildtype,2.33,1.0,53.0
TCGA-06-0147,IDH-wildtype,17.77,1.0,51.0
TCGA-06-0148,IDH-wildtype,10.09,1.0,76.0
TCGA-06-0151,IDH-mutant,46.55,1.0,32.0
TCGA-06-0152,IDH-wildtype,12.32,1.0,68.0
TCGA-06-0154,IDH-wildtype,13.93,1.0,54.0
TCGA-06-0155,IDH-wildtype,10.45,1.0,61.0
TCGA-06-0156,IDH-mutant,5.85,1.0,57.0
TCGA-06-0157,IDH-wildtype,3.19,1.0,63.0
TCGA-06-0158,IDH-wildtype,10.81,1.0,73.0
TCGA-06-0160,IDH-wildtype,11.79,1.0,56.0
TCGA-06-0166,IDH-wildtype,5.85,1.0,51.0
TCGA-06-0167,IDH-wildtype,11.4,1.0,44.0
TCGA-06-0168,IDH-wildtype,19.65,1.0,59.0
TCGA-06-0169,IDH-wildtype,3.29,1.0,68.0
TCGA-06-0171,IDH-wildtype,13.11,1.0,65.0
TCGA-06-0173,IDH-wildtype,4.47,1.0,72.0
TCGA-06-0174,IDH-wildtype,3.22,1.0,54.0
TCGA-06-0176,IDH-wildtype,90.93,0.0,34.0
TCGA-06-0178,IDH-mutant,88.07,1.0,38.0
TCGA-06-0184,IDH-wildtype,69.84,1.0,63.0
TCGA-06-0185,IDH-wildtype,73.78,0.0,54.0
TCGA-06-0187,IDH-wildtype,27.2,1.0,69.0
TCGA-06-0188,IDH-wildtype,44.55,1.0,71.0
TCGA-06-0189,IDH-wildtype,15.41,1.0,55.0
TCGA-06-0190,IDH-wildtype,10.41,1.0,62.0
TCGA-06-0192,IDH-wildtype,38.93,1.0,58.0
TCGA-06-0195,IDH-wildtype,7.39,1.0,63.0
TCGA-06-0197,IDH-wildtype,5.55,1.0,65.0
TCGA-06-0201,IDH-wildtype,0.39,1.0,51.0
TCGA-06-0206,IDH-wildtype,7.65,1.0,40.0
TCGA-06-0208,IDH-wildtype,8.41,1.0,52.0
TCGA-06-0209,IDH-wildtype,7.62,1.0,76.0
TCGA-06-0210,IDH-wildtype,7.39,1.0,72.0
TCGA-06-0211,IDH-wildtype,11.83,1.0,47.0
TCGA-06-0213,IDH-wildtype,0.53,1.0,55.0
TCGA-06-0214,IDH-wildtype,15.01,1.0,66.0
TCGA-06-0216,IDH-wildtype,24.15,1.0,61.0
TCGA-06-0219,IDH-wildtype,0.72,1.0,67.0
TCGA-06-0221,IDH-mutant,19.81,1.0,31.0
TCGA-06-0237,IDH-wildtype,13.63,1.0,75.0
TCGA-06-0238,IDH-wildtype,13.3,1.0,46.0
TCGA-06-0240,IDH-wildtype,20.4,1.0,57.0
TCGA-06-0241,IDH-wildtype,48.65,1.0,65.0
TCGA-06-0644,IDH-wildtype,12.61,1.0,71.0
TCGA-06-0645,IDH-wildtype,5.75,1.0,55.0
TCGA-06-0646,IDH-wildtype,5.75,1.0,60.0
TCGA-06-0648,IDH-wildtype,9.79,1.0,77.0
TCGA-06-0649,IDH-wildtype,2.1,1.0,73.0
TCGA-06-0650,IDH-wildtype,23.55,1.0,39.0
TCGA-06-0686,IDH-wildtype,14.19,1.0,53.0
TCGA-06-0743,IDH-wildtype,26.38,1.0,69.0
TCGA-06-0744,IDH-wildtype,46.85,1.0,66.0
TCGA-06-0745,IDH-wildtype,7.85,1.0,59.0
TCGA-06-0747,IDH-wildtype,2.69,1.0,53.0
TCGA-06-0749,IDH-wildtype,2.69,1.0,50.0
TCGA-06-0750,IDH-wildtype,0.92,1.0,43.0
TCGA-06-0875,IDH-wildtype,43.43,0.0,61.0
TCGA-06-0876,IDH-wildtype,46.16,0.0,72.0
TCGA-06-0878,IDH-wildtype,7.16,0.0,74.0
TCGA-06-0879,IDH-wildtype,40.37,1.0,52.0
TCGA-06-0881,IDH-wildtype,16.56,1.0,50.0
TCGA-06-0882,IDH-wildtype,20.76,1.0,30.0
TCGA-06-0939,IDH-wildtype,26.74,1.0,79.0
TCGA-06-1084,IDH-wildtype,23.92,1.0,54.0
TCGA-06-1087,IDH-wildtype,4.04,1.0,75.0
TCGA-06-1800,IDH-wildtype,26.77,1.0,61.0
TCGA-06-1801,IDH-wildtype,11.83,1.0,56.0
TCGA-06-1804,IDH-wildtype,13.6,1.0,81.0
TCGA-06-1805,IDH-mutant,33.87,0.0,28.0
TCGA-06-1806,IDH-wildtype,15.31,1.0,47.0
TCGA-06-2557,IDH-wildtype,1.08,1.0,76.0
TCGA-06-2558,IDH-wildtype,12.48,1.0,75.0
TCGA-06-2559,IDH-wildtype,4.93,1.0,83.0
TCGA-06-2561,IDH-wildtype,17.64,1.0,53.0
TCGA-06-2562,IDH-wildtype,12.55,1.0,81.0
TCGA-06-2563,IDH-wildtype,30.62,0.0,72.0
TCGA-06-2564,IDH-wildtype,5.95,0.0,50.0
TCGA-06-2565,IDH-wildtype,16.62,1.0,59.0
TCGA-06-2566,IDH-wildtype,5.98,1.0,23.0
TCGA-06-2567,IDH-wildtype,4.37,1.0,65.0
TCGA-06-2569,IDH-wildtype,0.43,0.0,24.0
TCGA-06-2570,IDH-mutant,31.47,0.0,21.0
TCGA-06-5408,IDH-wildtype,11.73,1.0,54.0
TCGA-06-5410,IDH-wildtype,3.55,1.0,72.0
TCGA-06-5411,IDH-wildtype,8.34,1.0,51.0
TCGA-06-5412,IDH-wildtype,4.53,1.0,78.0
TCGA-06-5413,IDH-wildtype,8.8,0.0,67.0
TCGA-06-5414,IDH-wildtype,8.97,0.0,61.0
TCGA-06-5415,IDH-wildtype,8.54,0.0,60.0
TCGA-06-5417,IDH-mutant,5.09,0.0,45.0
TCGA-06-5418,IDH-wildtype,2.73,1.0,75.0
TCGA-06-5856,IDH-wildtype,3.75,1.0,58.0
TCGA-06-5858,IDH-wildtype,6.14,0.0,45.0
TCGA-06-5859,IDH-wildtype,4.57,0.0,63.0
TCGA-06-6388,IDH-wildtype,5.22,1.0,64.0
TCGA-06-6389,IDH-mutant,7.79,0.0,49.0
TCGA-06-6390,IDH-wildtype,5.39,1.0,58.0
TCGA-06-6391,IDH-wildtype,1.48,1.0,44.0
TCGA-06-6693,IDH-wildtype,120.47,1.0,64.0
TCGA-06-6694,IDH-wildtype,7.36,1.0,76.0
TCGA-06-6695,IDH-wildtype,8.31,0.0,64.0
TCGA-06-6697,IDH-wildtype,12.84,0.0,65.0
TCGA-06-6698,IDH-wildtype,4.76,0.0,53.0
TCGA-06-6699,IDH-wildtype,1.54,0.0,58.0
TCGA-06-6700,IDH-wildtype,4.76,0.0,76.0
TCGA-06-6701,IDH-mutant,4.96,0.0,60.0
TCGA-06-A5U0,IDH-wildtype,26.77,0.0,21.0
TCGA-06-A5U1,IDH-wildtype,1.87,1.0,78.0
TCGA-06-A6S0,IDH-wildtype,3.12,1.0,79.0
TCGA-06-A6S1,IDH-wildtype,2.56,1.0,53.0
TCGA-06-A7TK,IDH-wildtype,14.59,1.0,64.0
TCGA-06-A7TL,IDH-mutant,17.71,0.0,
TCGA-08-0244,IDH-wildtype,22.67,1.0,62.0
TCGA-08-0245,IDH-wildtype,37.81,1.0,31.0
TCGA-08-0246,IDH-wildtype,4.17,1.0,57.0
TCGA-08-0344,IDH-mutant,115.77,1.0,66.0
TCGA-08-0345,IDH-wildtype,1.74,1.0,71.0
TCGA-08-0346,IDH-wildtype,8.41,1.0,69.0
TCGA-08-0347,IDH-wildtype,25.69,1.0,50.0
TCGA-08-0348,IDH-wildtype,12.16,1.0,63.0
TCGA-08-0349,IDH-wildtype,9.79,1.0,46.0
TCGA-08-0350,IDH-wildtype,29.2,1.0,32.0
TCGA-08-0351,IDH-wildtype,65.28,1.0,40.0
TCGA-08-0352,IDH-wildtype,1.28,1.0,79.0
TCGA-08-0353,IDH-wildtype,8.41,1.0,58.0
TCGA-08-0354,IDH-wildtype,17.94,1.0,52.0
TCGA-08-0355,IDH-wildtype,24.54,1.0,30.0
TCGA-08-0356,IDH-wildtype,31.08,1.0,59.0
TCGA-08-0357,IDH-wildtype,37.55,1.0,49.0
TCGA-08-0358,IDH-wildtype,22.27,1.0,50.0
TCGA-08-0359,IDH-wildtype,3.38,1.0,59.0
TCGA-08-0360,IDH-wildtype,15.37,1.0,76.0
TCGA-08-0373,IDH-wildtype,4.4,1.0,69.0
TCGA-08-0375,IDH-wildtype,12.22,1.0,51.0
TCGA-08-0380,IDH-wildtype,14.91,1.0,74.0
TCGA-08-0385,IDH-wildtype,2.69,1.0,71.0
TCGA-08-0386,IDH-wildtype,18.0,1.0,74.0
TCGA-08-0389,IDH-wildtype,15.34,1.0,59.0
TCGA-08-0390,IDH-wildtype,13.96,1.0,69.0
TCGA-08-0392,IDH-wildtype,0.72,1.0,60.0
TCGA-12-0615,IDH-wildtype,15.34,1.0,78.0
TCGA-12-0616,IDH-wildtype,14.72,1.0,36.0
TCGA-12-0618,IDH-wildtype,12.98,1.0,49.0
TCGA-12-0619,IDH-wildtype,34.89,1.0,60.0
TCGA-12-0620,IDH-wildtype,10.45,1.0,57.0
TCGA-12-0656,IDH-wildtype,94.71,1.0,48.0
TCGA-12-0657,IDH-wildtype,0.1,1.0,69.0
TCGA-12-0670,IDH-wildtype,25.95,1.0,60.0
TCGA-12-0688,IDH-wildtype,26.64,1.0,74.0
TCGA-12-0692,IDH-wildtype,3.65,1.0,75.0
TCGA-12-0707,IDH-wildtype,28.38,1.0,55.0
TCGA-12-0773,IDH-wildtype,43.2,1.0,24.0
TCGA-12-0775,IDH-wildtype,7.62,1.0,75.0
TCGA-12-0778,IDH-wildtype,14.91,1.0,53.0
TCGA-12-0818,IDH-mutant,91.69,1.0,45.0
TCGA-12-0819,IDH-wildtype,24.77,1.0,49.0
TCGA-12-0820,IDH-wildtype,18.46,1.0,40.0
TCGA-12-0821,IDH-wildtype,10.61,1.0,62.0
TCGA-12-0822,IDH-wildtype,23.49,1.0,46.0
TCGA-12-0826,IDH-wildtype,27.76,1.0,38.0
TCGA-12-0827,IDH-mutant,38.73,1.0,38.0
TCGA-12-0828,IDH-wildtype,8.94,1.0,57.0
TCGA-12-0829,IDH-wildtype,20.57,1.0,75.0
TCGA-12-1088,IDH-wildtype,127.5,1.0,53.0
TCGA-12-1089,IDH-wildtype,5.81,1.0,64.0
TCGA-12-1092,IDH-wildtype,21.71,1.0,58.0
TCGA-12-1093,IDH-wildtype,15.97,1.0,66.0
TCGA-12-1597,IDH-wildtype,22.17,1.0,62.0
TCGA-12-1598,IDH-wildtype,15.64,1.0,75.0
TCGA-12-1599,IDH-wildtype,25.66,1.0,47.0
TCGA-12-1600,IDH-wildtype,14.72,1.0,86.0
TCGA-12-1602,IDH-wildtype,6.77,1.0,58.0
TCGA-12-3644,IDH-wildtype,59.72,1.0,47.0
TCGA-12-3646,IDH-wildtype,43.99,1.0,59.0
TCGA-12-3648,IDH-wildtype,26.91,1.0,61.0
TCGA-12-3649,IDH-wildtype,15.21,1.0,76.0
TCGA-12-3650,IDH-wildtype,10.94,1.0,46.0
TCGA-12-3651,IDH-wildtype,12.68,1.0,77.0
TCGA-12-3652,IDH-wildtype,34.89,1.0,60.0
TCGA-12-3653,IDH-wildtype,14.52,1.0,34.0
TCGA-12-5295,IDH-wildtype,14.91,1.0,60.0
TCGA-12-5299,IDH-wildtype,3.22,1.0,56.0
TCGA-12-5301,IDH-wildtype,2.04,1.0,59.0
TCGA-14-0740,IDH-wildtype,11.96,1.0,70.0
TCGA-14-0781,IDH-wildtype,0.95,1.0,49.0
TCGA-14-0786,IDH-wildtype,23.03,1.0,50.0
TCGA-14-0787,IDH-wildtype,2.23,1.0,69.0
TCGA-14-0789,IDH-wildtype,11.24,1.0,54.0
TCGA-14-0790,IDH-wildtype,13.76,1.0,64.0
TCGA-14-0812,IDH-wildtype,3.25,1.0,65.0
TCGA-14-0813,IDH-wildtype,1.35,1.0,78.0
TCGA-14-0817,IDH-wildtype,5.39,1.0,69.0
TCGA-14-0862,IDH-wildtype,2.89,1.0,60.0
TCGA-14-0865,IDH-wildtype,16.49,1.0,67.0
TCGA-14-0867,IDH-wildtype,2.04,1.0,67.0
TCGA-14-0871,IDH-wildtype,28.91,1.0,74.0
TCGA-14-1034,IDH-wildtype,15.93,1.0,60.0
TCGA-14-1037,IDH-wildtype,19.28,1.0,66.0
TCGA-14-1043,IDH-wildtype,0.79,1.0,61.0
TCGA-14-1395,IDH-wildtype,1.38,1.0,52.0
TCGA-14-1396,IDH-wildtype,1.12,1.0,78.0
TCGA-14-1450,IDH-wildtype,58.74,0.0,57.0
TCGA-14-1451,IDH-wildtype,23.09,1.0,39.0
TCGA-14-1453,IDH-wildtype,1.15,1.0,69.0
TCGA-14-1455,IDH-wildtype,0.92,1.0,61.0
TCGA-14-1456,IDH-mutant,40.93,0.0,23.0
TCGA-14-1458,IDH-mutant,6.67,1.0,54.0
TCGA-14-1794,IDH-wildtype,0.99,1.0,59.0
TCGA-14-1795,IDH-wildtype,1.97,1.0,66.0
TCGA-14-1821,IDH-mutant,17.77,1.0,31.0
TCGA-14-1823,IDH-wildtype,17.84,1.0,58.0
TCGA-14-1825,IDH-wildtype,7.62,1.0,70.0
TCGA-14-1827,IDH-wildtype,5.88,1.0,51.0
TCGA-14-1829,IDH-wildtype,7.16,0.0,57.0
TCGA-14-2554,IDH-wildtype,17.48,1.0,52.0
TCGA-14-3476,IDH-wildtype,0.39,1.0,74.0
TCGA-14-3477,IDH-wildtype,3.78,0.0,38.0
TCGA-14-4157,IDH-mutant,3.42,0.0,40.0
TCGA-15-0742,IDH-wildtype,13.76,1.0,65.0
TCGA-15-1444,IDH-mutant,50.49,1.0,21.0
TCGA-15-1446,IDH-wildtype,19.09,0.0,55.0
TCGA-16-0846,IDH-wildtype,3.91,1.0,85.0
TCGA-16-0849,IDH-mutant,26.05,0.0,54.0
TCGA-16-0850,IDH-mutant,16.36,1.0,52.0
TCGA-16-1045,IDH-wildtype,29.01,1.0,49.0
TCGA-16-1460,IDH-mutant,6.41,0.0,36.0
TCGA-19-0957,IDH-wildtype,21.88,1.0,48.0
TCGA-19-1385,IDH-wildtype,10.74,1.0,69.0
TCGA-19-1386,IDH-wildtype,9.07,1.0,51.0
TCGA-19-1387,IDH-wildtype,5.95,0.0,81.0
TCGA-19-1388,IDH-wildtype,12.94,1.0,58.0
TCGA-19-1389,IDH-wildtype,4.63,1.0,51.0
TCGA-19-1390,IDH-wildtype,25.36,1.0,63.0
TCGA-19-1786,IDH-wildtype,7.16,0.0,64.0
TCGA-19-1788,IDH-mutant,3.68,1.0,39.0
TCGA-19-1789,IDH-wildtype,3.25,1.0,69.0
TCGA-19-1790,IDH-wildtype,5.06,1.0,56.0
TCGA-19-1791,IDH-wildtype,0.13,0.0,82.0
TCGA-19-2619,IDH-wildtype,9.66,0.0,55.0
TCGA-19-2620,IDH-wildtype,4.86,1.0,70.0
TCGA-19-2621,IDH-wildtype,1.08,1.0,83.0
TCGA-19-2623,IDH-wildtype,7.52,0.0,65.0
TCGA-19-2624,IDH-wildtype,0.16,1.0,51.0
TCGA-19-2625,IDH-wildtype,4.07,1.0,76.0
TCGA-19-2629,IDH-mutant,24.21,1.0,60.0
TCGA-19-2631,IDH-wildtype,7.0,1.0,74.0
TCGA-19-4068,IDH-wildtype,4.5,0.0,68.0
TCGA-19-5947,IDH-wildtype,6.64,1.0,47.0
TCGA-19-5950,IDH-wildtype,17.18,1.0,52.0
TCGA-19-5951,IDH-wildtype,8.02,1.0,76.0
TCGA-19-5952,IDH-wildtype,18.89,1.0,62.0
TCGA-19-5953,IDH-wildtype,4.73,1.0,58.0
TCGA-19-5954,IDH-wildtype,12.09,1.0,72.0
TCGA-19-5955,IDH-wildtype,1.77,1.0,83.0
TCGA-19-5958,IDH-wildtype,14.06,1.0,56.0
TCGA-19-5959,IDH-wildtype,16.79,1.0,77.0
TCGA-19-5960,IDH-wildtype,14.95,1.0,56.0
TCGA-19-A60I,IDH-wildtype,17.77,0.0,39.0
TCGA-19-A6J4,IDH-wildtype,3.98,1.0,68.0
TCGA-19-A6J5,IDH-mutant,28.52,0.0,40.0
TCGA-26-1439,IDH-wildtype,13.86,1.0,63.0
TCGA-26-1442,IDH-mutant,31.31,0.0,43.0
TCGA-26-1799,IDH-wildtype,9.36,1.0,68.0
TCGA-26-5132,IDH-wildtype,9.4,0.0,74.0
TCGA-26-5133,IDH-wildtype,14.85,0.0,59.0
TCGA-26-5134,IDH-wildtype,5.49,0.0,74.0
TCGA-26-5135,IDH-wildtype,8.87,1.0,72.0
TCGA-26-5136,IDH-wildtype,18.96,1.0,78.0
TCGA-26-5139,IDH-wildtype,1.58,0.0,65.0
TCGA-26-6173,IDH-wildtype,7.92,0.0,57.0
TCGA-26-6174,IDH-wildtype,2.33,0.0,65.0
TCGA-26-A7UX,IDH-wildtype,19.32,0.0,47.0
TCGA-27-1830,IDH-wildtype,5.06,1.0,57.0
TCGA-27-1831,IDH-wildtype,16.59,1.0,66.0
TCGA-27-1832,IDH-wildtype,9.86,1.0,59.0
TCGA-27-1833,IDH-wildtype,24.21,1.0,67.0
TCGA-27-1834,IDH-wildtype,40.51,1.0,56.0
TCGA-27-1835,IDH-wildtype,21.29,1.0,53.0
TCGA-27-1836,IDH-wildtype,30.03,1.0,33.0
TCGA-27-1837,IDH-wildtype,14.03,1.0,36.0
TCGA-27-1838,IDH-wildtype,11.5,1.0,59.0
TCGA-27-2518,IDH-wildtype,24.74,1.0,52.0
TCGA-27-2519,IDH-wildtype,18.07,1.0,48.0
TCGA-27-2521,IDH-mutant,16.75,1.0,34.0
TCGA-27-2523,IDH-wildtype,16.06,1.0,63.0
TCGA-27-2524,IDH-wildtype,7.59,1.0,56.0
TCGA-27-2526,IDH-wildtype,2.86,1.0,79.0
TCGA-27-2527,IDH-wildtype,14.39,1.0,81.0
TCGA-27-2528,IDH-wildtype,15.77,1.0,62.0
TCGA-28-1745,IDH-wildtype,11.33,0.0,76.0
TCGA-28-1746,IDH-wildtype,0.2,0.0,77.0
TCGA-28-1747,IDH-wildtype,2.53,1.0,44.0
TCGA-28-1749,IDH-wildtype,9.2,0.0,73.0
TCGA-28-1750,IDH-wildtype,8.34,0.0,40.0
TCGA-28-1751,IDH-wildtype,7.62,0.0,61.0
TCGA-28-1752,IDH-wildtype,8.48,0.0,42.0
TCGA-28-1753,IDH-wildtype,1.22,0.0,53.0
TCGA-28-1755,IDH-wildtype,1.54,1.0,52.0
TCGA-28-1757,IDH-wildtype,0.13,0.0,71.0
TCGA-28-1760,IDH-wildtype,4.7,0.0,48.0
TCGA-28-2502,IDH-wildtype,0.66,0.0,65.0
TCGA-28-2506,IDH-wildtype,6.73,0.0,63.0
TCGA-28-2509,IDH-wildtype,4.76,0.0,77.0
TCGA-28-2513,IDH-wildtype,7.29,0.0,69.0
TCGA-28-2514,IDH-wildtype,5.26,0.0,45.0
TCGA-28-5204,IDH-wildtype,14.91,1.0,72.0
TCGA-28-5207,IDH-wildtype,11.27,1.0,71.0
TCGA-28-5208,IDH-wildtype,17.87,1.0,52.0
TCGA-28-5209,IDH-wildtype,14.52,0.0,66.0
TCGA-28-5211,IDH-wildtype,11.76,0.0,42.0
TCGA-28-5213,IDH-wildtype,31.24,0.0,72.0
TCGA-28-5214,IDH-wildtype,23.42,1.0,53.0
TCGA-28-5215,IDH-wildtype,11.01,1.0,62.0
TCGA-28-5216,IDH-wildtype,13.63,0.0,52.0
TCGA-28-5218,IDH-wildtype,5.16,1.0,63.0
TCGA-28-5219,IDH-wildtype,22.67,0.0,47.0
TCGA-28-5220,IDH-wildtype,12.75,1.0,67.0
TCGA-28-6450,IDH-wildtype,5.42,1.0,60.0
TCGA-32-1970,IDH-wildtype,15.37,1.0,59.0
TCGA-32-1976,IDH-wildtype,0.49,1.0,65.0
TCGA-32-1977,IDH-wildtype,0.1,0.0,63.0
TCGA-32-1979,IDH-wildtype,19.48,1.0,69.0
TCGA-32-1980,IDH-wildtype,1.18,1.0,72.0
TCGA-32-1982,IDH-wildtype,4.66,1.0,76.0
TCGA-32-1986,IDH-wildtype,12.68,1.0,68.0
TCGA-32-1991,IDH-wildtype,16.92,1.0,60.0
TCGA-32-2491,IDH-wildtype,12.22,1.0,63.0
TCGA-32-2494,IDH-wildtype,20.76,1.0,58.0
TCGA-32-2495,IDH-wildtype,15.01,1.0,59.0
TCGA-32-2615,IDH-wildtype,15.93,1.0,62.0
TCGA-32-2632,IDH-wildtype,8.84,1.0,80.0
TCGA-32-2634,IDH-wildtype,22.77,0.0,82.0
TCGA-32-2638,IDH-wildtype,25.16,1.0,67.0
TCGA-32-4208,IDH-mutant,21.12,0.0,25.0
TCGA-32-4209,IDH-wildtype,20.3,1.0,40.0
TCGA-32-4210,IDH-wildtype,3.71,1.0,73.0
TCGA-32-4211,IDH-wildtype,12.58,1.0,56.0
TCGA-32-4213,IDH-wildtype,19.84,0.0,47.0
TCGA-32-4719,IDH-wildtype,10.84,1.0,73.0
TCGA-32-5222,IDH-wildtype,19.22,1.0,66.0
TCGA-41-2571,IDH-wildtype,0.85,1.0,89.0
TCGA-41-2572,IDH-wildtype,13.34,1.0,67.0
TCGA-41-2573,IDH-wildtype,8.94,0.0,59.0
TCGA-41-2575,IDH-wildtype,9.53,1.0,75.0
TCGA-41-3392,IDH-wildtype,0.99,1.0,88.0
TCGA-41-3393,IDH-wildtype,4.43,1.0,81.0
TCGA-41-3915,IDH-wildtype,11.83,1.0,48.0
TCGA-41-4097,IDH-wildtype,0.2,1.0,63.0
TCGA-41-5651,IDH-wildtype,15.11,1.0,59.0
TCGA-41-6646,IDH-wildtype,12.45,1.0,73.0
TCGA-4W-AA9R,IDH-wildtype,4.07,0.0,
TCGA-4W-AA9S,IDH-wildtype,1.45,0.0,69.0
TCGA-4W-AA9T,IDH-wildtype,25.56,0.0,54.0
TCGA-74-6573,IDH-wildtype,3.45,1.0,67.0
TCGA-74-6575,IDH-wildtype,20.89,0.0,73.0
TCGA-74-6577,IDH-wildtype,4.34,0.0,51.0
TCGA-74-6578,IDH-wildtype,14.32,0.0,58.0
TCGA-74-6584,IDH-wildtype,7.49,0.0,55.0
TCGA-76-4925,IDH-wildtype,4.8,1.0,76.0
TCGA-76-4926,IDH-wildtype,4.53,1.0,68.0
TCGA-76-4927,IDH-wildtype,17.58,1.0,58.0
TCGA-76-4928,IDH-wildtype,3.09,1.0,85.0
TCGA-76-4929,IDH-wildtype,3.65,1.0,76.0
TCGA-76-4931,IDH-wildtype,9.17,1.0,70.0
TCGA-76-4932,IDH-wildtype,47.9,1.0,50.0
TCGA-76-4934,IDH-wildtype,2.53,1.0,66.0
TCGA-76-4935,IDH-wildtype,36.83,1.0,52.0
TCGA-76-6191,IDH-wildtype,16.69,1.0,57.0
TCGA-76-6192,IDH-wildtype,3.29,1.0,74.0
TCGA-76-6193,IDH-wildtype,2.69,1.0,78.0
TCGA-76-6280,IDH-wildtype,11.37,1.0,57.0
TCGA-76-6282,IDH-wildtype,17.05,1.0,63.0
TCGA-76-6283,IDH-wildtype,5.42,1.0,
TCGA-76-6285,IDH-wildtype,8.34,1.0,64.0
TCGA-76-6286,IDH-wildtype,20.96,1.0,60.0
TCGA-76-6656,IDH-wildtype,4.83,1.0,66.0
TCGA-76-6657,IDH-wildtype,5.03,1.0,74.0
TCGA-76-6660,IDH-wildtype,3.75,1.0,
TCGA-76-6661,IDH-wildtype,23.88,1.0,54.0
TCGA-76-6662,IDH-wildtype,34.43,1.0,58.0
TCGA-76-6663,IDH-wildtype,18.63,1.0,44.0
TCGA-76-6664,IDH-wildtype,36.17,0.0,49.0
TCGA-81-5910,IDH-wildtype,1.61,1.0,64.0
TCGA-81-5911,IDH-wildtype,17.71,0.0,33.0
TCGA-87-5896,IDH-wildtype,26.28,0.0,50.0
TCGA-CS-4941,IDH-wildtype,7.69,1.0,67.0
TCGA-CS-4942,IDH-mutant,43.86,1.0,44.0
TCGA-CS-4943,IDH-mutant,36.33,1.0,37.0
TCGA-CS-4944,IDH-mutant,60.05,0.0,50.0
TCGA-CS-5393,IDH-mutant,40.14,0.0,39.0
TCGA-CS-5394,IDH-mutant,0.26,0.0,40.0
TCGA-CS-5395,IDH-wildtype,20.99,1.0,43.0
TCGA-CS-5396,IDH-mutant,53.58,0.0,53.0
TCGA-CS-5397,IDH-wildtype,6.37,1.0,54.0
TCGA-CS-6186,IDH-wildtype,17.67,1.0,58.0
TCGA-CS-6188,IDH-wildtype,26.74,1.0,48.0
TCGA-CS-6290,IDH-mutant,37.35,1.0,31.0
TCGA-CS-6665,IDH-mutant,51.51,0.0,51.0
TCGA-CS-6666,IDH-mutant,46.91,0.0,22.0
TCGA-CS-6667,IDH-mutant,48.26,0.0,39.0
TCGA-CS-6668,IDH-mutant,49.9,0.0,57.0
TCGA-CS-6670,IDH-mutant,46.85,0.0,43.0
TCGA-DB-5270,IDH-mutant,122.63,0.0,38.0
TCGA-DB-5273,IDH-mutant,81.9,0.0,33.0
TCGA-DB-5274,IDH-mutant,75.2,0.0,37.0
TCGA-DB-5275,IDH-mutant,47.9,0.0,36.0
TCGA-DB-5276,IDH-mutant,72.86,0.0,32.0
TCGA-DB-5277,IDH-mutant,50.82,1.0,34.0
TCGA-DB-5278,IDH-mutant,91.06,0.0,17.0
TCGA-DB-5279,IDH-mutant,44.48,0.0,59.0
TCGA-DB-5280,IDH-mutant,36.53,0.0,43.0
TCGA-DB-5281,IDH-mutant,78.22,0.0,61.0
TCGA-DB-A4X9,IDH-mutant,46.39,0.0,33.0
TCGA-DB-A4XA,IDH-mutant,18.82,0.0,30.0
TCGA-DB-A4XB,IDH-mutant,30.19,0.0,38.0
TCGA-DB-A4XC,IDH-mutant,46.68,0.0,26.0
TCGA-DB-A4XD,IDH-mutant,39.75,0.0,32.0
TCGA-DB-A4XE,IDH-mutant,37.42,0.0,27.0
TCGA-DB-A4XF,IDH-mutant,33.54,0.0,41.0
TCGA-DB-A4XG,IDH-mutant,72.9,0.0,34.0
TCGA-DB-A4XH,IDH-mutant,31.6,0.0,53.0
TCGA-DB-A64L,IDH-mutant,24.18,0.0,67.0
TCGA-DB-A64O,IDH-wildtype,25.46,1.0,59.0
TCGA-DB-A64P,IDH-mutant,30.09,0.0,40.0
TCGA-DB-A64Q,IDH-mutant,5.98,0.0,31.0
TCGA-DB-A64R,IDH-mutant,31.37,0.0,24.0
TCGA-DB-A64S,IDH-mutant,27.43,0.0,20.0
TCGA-DB-A64U,IDH-mutant,27.79,0.0,38.0
TCGA-DB-A64V,IDH-mutant,29.2,0.0,54.0
TCGA-DB-A64W,IDH-mutant,14.39,1.0,65.0
TCGA-DB-A64X,IDH-mutant,18.5,0.0,56.0
TCGA-DB-A75K,IDH-mutant,12.09,0.0,55.0
TCGA-DB-A75L,IDH-mutant,11.24,0.0,36.0
TCGA-DB-A75M,IDH-mutant,17.87,0.0,47.0
TCGA-DB-A75O,IDH-mutant,30.72,0.0,29.0
TCGA-DB-A75P,IDH-wildtype,16.16,0.0,25.0
TCGA-DH-5140,IDH-wildtype,19.94,1.0,38.0
TCGA-DH-5141,IDH-mutant,31.8,0.0,32.0
TCGA-DH-5142,IDH-mutant,63.83,0.0,29.0
TCGA-DH-5143,IDH-mutant,46.02,0.0,30.0
TCGA-DH-5144,IDH-mutant,24.57,0.0,56.0
TCGA-DH-A669,IDH-mutant,30.19,1.0,70.0
TCGA-DH-A66B,IDH-mutant,42.02,0.0,52.0
TCGA-DH-A66D,IDH-mutant,27.79,0.0,43.0
TCGA-DH-A66F,IDH-mutant,17.18,0.0,49.0
TCGA-DH-A66G,IDH-mutant,17.18,0.0,49.0
TCGA-DH-A7UR,IDH-mutant,54.2,0.0,59.0
TCGA-DH-A7US,IDH-mutant,23.19,0.0,50.0
TCGA-DH-A7UT,IDH-mutant,17.44,1.0,30.0
TCGA-DH-A7UU,IDH-mutant,13.7,0.0,43.0
TCGA-DH-A7UV,IDH-mutant,18.59,0.0,49.0
TCGA-DU-5847,IDH-wildtype,18.0,0.0,34.0
TCGA-DU-5849,IDH-mutant,14.55,0.0,48.0
TCGA-DU-5851,IDH-mutant,17.44,0.0,40.0
TCGA-DU-5852,IDH-wildtype,6.73,1.0,61.0
TCGA-DU-5853,IDH-mutant,13.37,0.0,29.0
TCGA-DU-5854,IDH-wildtype,8.44,0.0,57.0
TCGA-DU-5855,IDH-mutant,6.8,0.0,49.0
TCGA-DU-5870,IDH-mutant,182.19,0.0,34.0
TCGA-DU-5871,IDH-mutant,18.92,0.0,37.0
TCGA-DU-5872,IDH-mutant,17.48,0.0,43.0
TCGA-DU-5874,IDH-mutant,15.14,0.0,62.0
TCGA-DU-6393,IDH-mutant,52.07,1.0,66.0
TCGA-DU-6394,IDH-mutant,22.4,1.0,53.0
TCGA-DU-6395,IDH-mutant,48.98,1.0,31.0
TCGA-DU-6396,IDH-mutant,75.1,1.0,31.0
TCGA-DU-6397,IDH-mutant,46.02,1.0,45.0
TCGA-DU-6399,IDH-mutant,65.7,1.0,54.0
TCGA-DU-6400,IDH-mutant,1.22,1.0,66.0
TCGA-DU-6401,IDH-mutant,87.39,1.0,31.0
TCGA-DU-6402,IDH-wildtype,7.03,1.0,52.0
TCGA-DU-6403,IDH-wildtype,11.63,1.0,60.0
TCGA-DU-6404,IDH-wildtype,133.64,1.0,24.0
TCGA-DU-6405,IDH-wildtype,19.88,1.0,51.0
TCGA-DU-6406,IDH-wildtype,16.82,1.0,59.0
TCGA-DU-6407,IDH-mutant,94.45,1.0,35.0
TCGA-DU-6408,IDH-mutant,113.99,1.0,23.0
TCGA-DU-6410,IDH-mutant,7.95,0.0,56.0
TCGA-DU-6542,IDH-mutant,2.4,0.0,25.0
TCGA-DU-7006,IDH-wildtype,11.47,1.0,60.0
TCGA-DU-7007,IDH-mutant,62.91,1.0,33.0
TCGA-DU-7008,IDH-mutant,156.11,0.0,41.0
TCGA-DU-7009,IDH-mutant,154.24,1.0,32.0
TCGA-DU-7010,IDH-mutant,14.98,1.0,58.0
TCGA-DU-7011,IDH-mutant,105.12,1.0,25.0
TCGA-DU-7012,IDH-wildtype,6.54,1.0,74.0
TCGA-DU-7013,IDH-wildtype,8.84,1.0,59.0
TCGA-DU-7015,IDH-mutant,90.7,0.0,41.0
TCGA-DU-7018,IDH-mutant,30.65,1.0,57.0
TCGA-DU-7019,IDH-mutant,26.28,0.0,39.0
TCGA-DU-7290,IDH-wildtype,10.35,1.0,45.0
TCGA-DU-7292,IDH-wildtype,7.95,1.0,69.0
TCGA-DU-7294,IDH-mutant,94.25,0.0,53.0
TCGA-DU-7298,IDH-mutant,18.92,1.0,38.0
TCGA-DU-7299,IDH-mutant,43.99,1.0,33.0
TCGA-DU-7300,IDH-mutant,61.96,1.0,53.0
TCGA-DU-7301,IDH-mutant,25.89,1.0,53.0
TCGA-DU-7302,IDH-mutant,60.25,0.0,48.0
TCGA-DU-7304,IDH-mutant,23.29,1.0,43.0
TCGA-DU-7306,IDH-mutant,41.95,0.0,67.0
TCGA-DU-7309,IDH-mutant,2.76,0.0,41.0
TCGA-DU-8158,IDH-wildtype,5.09,1.0,57.0
TCGA-DU-8161,IDH-wildtype,23.72,1.0,63.0
TCGA-DU-8162,IDH-wildtype,14.59,1.0,61.0
TCGA-DU-8163,IDH-mutant,20.66,0.0,29.0
TCGA-DU-8164,IDH-mutant,21.39,0.0,51.0
TCGA-DU-8165,IDH-wildtype,19.12,0.0,60.0
TCGA-DU-8166,IDH-mutant,16.95,0.0,29.0
TCGA-DU-8167,IDH-mutant,15.47,0.0,69.0
TCGA-DU-8168,IDH-mutant,14.16,0.0,55.0
TCGA-DU-A5TP,IDH-mutant,33.25,0.0,33.0
TCGA-DU-A5TR,IDH-mutant,29.83,0.0,51.0
TCGA-DU-A5TS,IDH-mutant,31.67,0.0,42.0
TCGA-DU-A5TT,IDH-wildtype,24.41,0.0,70.0
TCGA-DU-A5TU,IDH-mutant,26.15,0.0,62.0
TCGA-DU-A5TW,IDH-mutant,24.97,0.0,33.0
TCGA-DU-A5TY,IDH-wildtype,33.94,1.0,46.0
TCGA-DU-A6S2,IDH-mutant,25.53,0.0,37.0
TCGA-DU-A6S3,IDH-mutant,21.55,0.0,60.0
TCGA-DU-A6S6,IDH-mutant,95.04,0.0,35.0
TCGA-DU-A6S7,IDH-mutant,20.96,0.0,27.0
TCGA-DU-A6S8,IDH-mutant,22.27,0.0,74.0
TCGA-DU-A76K,IDH-wildtype,11.4,1.0,87.0
TCGA-DU-A76L,IDH-wildtype,26.74,1.0,54.0
TCGA-DU-A76O,IDH-mutant,17.15,0.0,30.0
TCGA-DU-A76R,IDH-mutant,21.29,1.0,51.0
TCGA-DU-A7T6,IDH-mutant,17.97,1.0,73.0
TCGA-DU-A7T8,IDH-mutant,138.93,1.0,35.0
TCGA-DU-A7TA,IDH-mutant,84.26,0.0,32.0
TCGA-DU-A7TB,IDH-wildtype,51.48,0.0,56.0
TCGA-DU-A7TC,IDH-mutant,37.35,0.0,32.0
TCGA-DU-A7TD,IDH-wildtype,7.49,1.0,52.0
TCGA-DU-A7TG,IDH-mutant,44.38,1.0,40.0
TCGA-DU-A7TJ,IDH-wildtype,0.56,0.0,55.0
TCGA-E1-5302,IDH-mutant,50.1,1.0,41.0
TCGA-E1-5303,IDH-mutant,67.41,1.0,38.0
TCGA-E1-5304,IDH-mutant,41.1,1.0,42.0
TCGA-E1-5305,IDH-mutant,79.93,1.0,34.0
TCGA-E1-5307,IDH-mutant,57.88,1.0,62.0
TCGA-E1-5311,IDH-mutant,134.17,1.0,31.0
TCGA-E1-5318,IDH-mutant,78.15,1.0,42.0
TCGA-E1-5319,IDH-mutant,95.5,1.0,48.0
TCGA-E1-5322,IDH-mutant,130.68,1.0,38.0
TCGA-E1-A7YD,IDH-wildtype,14.29,1.0,
TCGA-E1-A7YE,IDH-mutant,29.11,1.0,
TCGA-E1-A7YH,IDH-mutant,93.13,1.0,
TCGA-E1-A7YI,IDH-mutant,3.65,1.0,
TCGA-E1-A7YJ,IDH-wildtype,19.45,1.0,
TCGA-E1-A7YK,IDH-mutant,12.42,1.0,
TCGA-E1-A7YL,IDH-wildtype,16.16,1.0,
TCGA-E1-A7YM,IDH-wildtype,21.29,1.0,
TCGA-E1-A7YN,IDH-wildtype,23.88,1.0,
TCGA-E1-A7YO,IDH-mutant,74.97,1.0,45.0
TCGA-E1-A7YQ,IDH-wildtype,51.84,1.0,
TCGA-E1-A7YS,IDH-mutant,15.31,1.0,
TCGA-E1-A7YU,IDH-mutant,0.76,1.0,
TCGA-E1-A7YV,IDH-mutant,32.42,1.0,26.0
TCGA-E1-A7YW,IDH-mutant,36.79,1.0,28.0
TCGA-E1-A7YY,IDH-mutant,146.02,1.0,
TCGA-E1-A7Z2,IDH-wildtype,13.07,1.0,
TCGA-E1-A7Z3,IDH-mutant,73.42,1.0,
TCGA-E1-A7Z4,IDH-mutant,144.94,1.0,
TCGA-E1-A7Z6,IDH-mutant,32.33,1.0,41.0
TCGA-EZ-7264,IDH-mutant,39.45,0.0,47.0
TCGA-F6-A8O3,IDH-mutant,0.23,0.0,34.0
TCGA-F6-A8O4,IDH-mutant,0.2,0.0,44.0
TCGA-FG-5962,IDH-mutant,47.73,0.0,54.0
TCGA-FG-5963,IDH-wildtype,25.46,1.0,23.0
TCGA-FG-5964,IDH-mutant,52.17,0.0,62.0
TCGA-FG-5965,IDH-mutant,36.79,1.0,39.0
TCGA-FG-6688,IDH-wildtype,18.76,0.0,59.0
TCGA-FG-6689,IDH-mutant,14.91,0.0,30.0
TCGA-FG-6690,IDH-mutant,42.51,0.0,70.0
TCGA-FG-6691,IDH-mutant,41.29,0.0,23.0
TCGA-FG-6692,IDH-wildtype,18.43,1.0,63.0
TCGA-FG-7634,IDH-mutant,15.34,0.0,28.0
TCGA-FG-7636,IDH-mutant,17.87,0.0,48.0
TCGA-FG-7637,IDH-mutant,40.05,0.0,49.0
TCGA-FG-7638,IDH-mutant,22.54,0.0,31.0
TCGA-FG-7641,IDH-mutant,20.6,0.0,31.0
TCGA-FG-7643,IDH-wildtype,20.07,0.0,49.0
TCGA-FG-8182,IDH-mutant,13.67,0.0,35.0
TCGA-FG-8185,IDH-mutant,14.22,0.0,37.0
TCGA-FG-8186,IDH-mutant,16.0,0.0,42.0
TCGA-FG-8187,IDH-mutant,20.07,0.0,31.0
TCGA-FG-8188,IDH-mutant,14.95,0.0,41.0
TCGA-FG-8191,IDH-mutant,32.59,0.0,30.0
TCGA-FG-A4MT,IDH-mutant,38.24,0.0,27.0
TCGA-FG-A4MU,IDH-wildtype,10.71,0.0,58.0
TCGA-FG-A4MW,IDH-wildtype,18.36,1.0,63.0
TCGA-FG-A4MX,IDH-mutant,18.69,0.0,47.0
TCGA-FG-A4MY,IDH-mutant,23.69,0.0,44.0
TCGA-FG-A60J,IDH-mutant,14.75,0.0,47.0
TCGA-FG-A60K,IDH-mutant,17.81,0.0,34.0
TCGA-FG-A60L,IDH-mutant,21.52,0.0,34.0
TCGA-FG-A6IZ,IDH-mutant,15.01,0.0,60.0
TCGA-FG-A6J1,IDH-mutant,16.43,0.0,44.0
TCGA-FG-A6J3,IDH-mutant,22.24,0.0,52.0
TCGA-FG-A70Y,IDH-mutant,28.52,0.0,20.0
TCGA-FG-A70Z,IDH-wildtype,10.78,0.0,53.0
TCGA-FG-A710,IDH-mutant,36.63,0.0,50.0
TCGA-FG-A711,IDH-mutant,48.65,1.0,33.0
TCGA-FG-A713,IDH-mutant,20.43,0.0,74.0
TCGA-FG-A87N,IDH-mutant,18.63,0.0,37.0
TCGA-FG-A87Q,IDH-wildtype,5.72,0.0,61.0
TCGA-FN-7833,IDH-mutant,27.5,0.0,25.0
TCGA-HT-7467,IDH-mutant,0.1,0.0,54.0
TCGA-HT-7468,IDH-mutant,6.67,0.0,30.0
TCGA-HT-7469,IDH-wildtype,11.53,1.0,30.0
TCGA-HT-7470,IDH-mutant,40.08,1.0,37.0
TCGA-HT-7471,IDH-mutant,0.13,0.0,37.0
TCGA-HT-7472,IDH-mutant,0.03,0.0,38.0
TCGA-HT-7473,IDH-mutant,16.52,0.0,28.0
TCGA-HT-7474,IDH-mutant,3.75,0.0,52.0
TCGA-HT-7475,IDH-mutant,17.41,0.0,67.0
TCGA-HT-7476,IDH-mutant,6.54,0.0,26.0
TCGA-HT-7477,IDH-mutant,24.24,0.0,62.0
TCGA-HT-7478,IDH-mutant,6.37,0.0,36.0
TCGA-HT-7479,IDH-mutant,40.31,0.0,44.0
TCGA-HT-7480,IDH-mutant,75.13,0.0,33.0
TCGA-HT-7481,IDH-mutant,95.86,0.0,39.0
TCGA-HT-7482,IDH-mutant,106.87,0.0,18.0
TCGA-HT-7483,IDH-mutant,172.63,0.0,14.0
TCGA-HT-7485,IDH-mutant,4.01,0.0,42.0
TCGA-HT-7601,IDH-mutant,5.03,0.0,30.0
TCGA-HT-7602,IDH-mutant,29.83,0.0,21.0
TCGA-HT-7603,IDH-mutant,23.16,0.0,29.0
TCGA-HT-7604,IDH-mutant,122.37,0.0,50.0
TCGA-HT-7605,IDH-mutant,4.57,0.0,38.0
TCGA-HT-7606,IDH-mutant,17.28,0.0,30.0
TCGA-HT-7607,IDH-mutant,3.15,1.0,61.0
TCGA-HT-7608,IDH-mutant,22.04,0.0,61.0
TCGA-HT-7609,IDH-mutant,45.96,0.0,34.0
TCGA-HT-7610,IDH-mutant,56.04,0.0,25.0
TCGA-HT-7611,IDH-mutant,57.56,0.0,36.0
TCGA-HT-7616,IDH-mutant,0.23,1.0,75.0
TCGA-HT-7620,IDH-mutant,14.26,0.0,40.0
TCGA-HT-7676,IDH-mutant,0.16,0.0,26.0
TCGA-HT-7677,IDH-mutant,16.23,0.0,53.0
TCGA-HT-7680,IDH-wildtype,0.76,0.0,32.0
TCGA-HT-7681,IDH-mutant,44.65,0.0,29.0
TCGA-HT-7684,IDH-mutant,6.04,0.0,58.0
TCGA-HT-7686,IDH-mutant,42.71,0.0,29.0
TCGA-HT-7687,IDH-mutant,0.1,0.0,74.0
TCGA-HT-7688,IDH-mutant,31.67,0.0,59.0
TCGA-HT-7689,IDH-mutant,14.95,0.0,58.0
TCGA-HT-7690,IDH-mutant,0.1,0.0,29.0
TCGA-HT-7691,IDH-wildtype,0.1,0.0,31.0
TCGA-HT-7692,IDH-mutant,2.96,0.0,43.0
TCGA-HT-7693,IDH-mutant,17.51,0.0,51.0
TCGA-HT-7694,IDH-mutant,6.9,0.0,60.0
TCGA-HT-7695,IDH-mutant,14.52,0.0,29.0
TCGA-HT-7854,IDH-wildtype,39.45,0.0,62.0
TCGA-HT-7855,IDH-mutant,19.22,0.0,39.0
TCGA-HT-7856,IDH-mutant,39.06,0.0,35.0
TCGA-HT-7857,IDH-wildtype,0.23,0.0,24.0
TCGA-HT-7858,IDH-mutant,50.59,0.0,28.0
TCGA-HT-7860,IDH-wildtype,0.49,0.0,60.0
TCGA-HT-7873,IDH-mutant,23.59,0.0,29.0
TCGA-HT-7874,IDH-mutant,37.12,0.0,41.0
TCGA-HT-7875,IDH-mutant,0.33,0.0,56.0
TCGA-HT-7877,IDH-mutant,0.13,0.0,20.0
TCGA-HT-7879,IDH-mutant,3.68,0.0,31.0
TCGA-HT-7880,IDH-mutant,5.32,0.0,30.0
TCGA-HT-7881,IDH-mutant,35.45,0.0,38.0
TCGA-HT-7882,IDH-wildtype,3.71,1.0,66.0
TCGA-HT-7884,IDH-mutant,11.27,0.0,44.0
TCGA-HT-7902,IDH-mutant,31.41,0.0,30.0
TCGA-HT-8010,IDH-mutant,1.64,0.0,64.0
TCGA-HT-8011,IDH-wildtype,16.23,0.0,55.0
TCGA-HT-8012,IDH-mutant,9.4,0.0,30.0
TCGA-HT-8013,IDH-mutant,63.5,1.0,37.0
TCGA-HT-8015,IDH-wildtype,0.1,0.0,21.0
TCGA-HT-8018,IDH-mutant,37.84,1.0,40.0
TCGA-HT-8019,IDH-wildtype,32.98,0.0,34.0
TCGA-HT-8104,IDH-wildtype,12.22,0.0,51.0
TCGA-HT-8105,IDH-mutant,6.24,0.0,54.0
TCGA-HT-8106,IDH-mutant,0.1,0.0,53.0
TCGA-HT-8107,IDH-wildtype,0.46,0.0,62.0
TCGA-HT-8108,IDH-mutant,2.5,0.0,26.0
TCGA-HT-8109,IDH-mutant,5.55,0.0,64.0
TCGA-HT-8110,IDH-wildtype,13.76,0.0,57.0
TCGA-HT-8111,IDH-mutant,0.23,0.0,32.0
TCGA-HT-8113,IDH-mutant,29.57,0.0,49.0
TCGA-HT-8114,IDH-mutant,34.17,0.0,36.0
TCGA-HT-8558,IDH-wildtype,13.73,0.0,29.0
TCGA-HT-8563,IDH-mutant,28.25,0.0,30.0
TCGA-HT-8564,IDH-wildtype,15.7,0.0,47.0
TCGA-HT-A4DS,IDH-wildtype,0.23,0.0,55.0
TCGA-HT-A4DV,IDH-mutant,26.02,0.0,51.0
TCGA-HT-A5R5,IDH-mutant,0.13,0.0,33.0
TCGA-HT-A5R7,IDH-mutant,20.2,0.0,33.0
TCGA-HT-A5R9,IDH-mutant,0.07,0.0,48.0
TCGA-HT-A5RA,IDH-wildtype,27.33,0.0,65.0
TCGA-HT-A5RB,IDH-mutant,0.1,0.0,24.0
TCGA-HT-A5RC,IDH-wildtype,5.32,1.0,70.0
TCGA-HT-A614,IDH-mutant,2.69,0.0,47.0
TCGA-HT-A615,IDH-mutant,16.92,0.0,38.0
TCGA-HT-A616,IDH-mutant,1.81,0.0,36.0
TCGA-HT-A617,IDH-wildtype,16.13,0.0,47.0
TCGA-HT-A618,IDH-mutant,16.82,0.0,37.0
TCGA-HT-A619,IDH-mutant,21.39,0.0,51.0
TCGA-HT-A61A,IDH-mutant,6.37,0.0,20.0
TCGA-HT-A61B,IDH-mutant,17.51,0.0,
TCGA-HT-A61C,IDH-wildtype,17.64,1.0,66.0
TCGA-HT-A74H,IDH-wildtype,2.43,0.0,62.0
TCGA-HT-A74J,IDH-mutant,10.51,0.0,33.0
TCGA-HT-A74K,IDH-mutant,15.34,0.0,
TCGA-HT-A74L,IDH-mutant,11.04,0.0,
TCGA-HT-A74O,IDH-mutant,0.1,0.0,34.0
TCGA-HW-7486,IDH-mutant,56.54,0.0,37.0
TCGA-HW-7487,IDH-mutant,45.4,0.0,39.0
TCGA-HW-7489,IDH-mutant,41.46,1.0,38.0
TCGA-HW-7490,IDH-mutant,45.57,0.0,41.0
TCGA-HW-7491,IDH-mutant,68.27,0.0,35.0
TCGA-HW-7495,IDH-mutant,35.41,0.0,45.0
TCGA-HW-8319,IDH-mutant,39.72,1.0,34.0
TCGA-HW-8320,IDH-mutant,39.98,0.0,36.0
TCGA-HW-8321,IDH-mutant,42.51,0.0,31.0
TCGA-HW-8322,IDH-mutant,24.9,0.0,39.0
TCGA-HW-A5KJ,IDH-mutant,31.6,1.0,68.0
TCGA-HW-A5KK,IDH-wildtype,12.75,1.0,64.0
TCGA-HW-A5KL,IDH-mutant,28.84,0.0,42.0
TCGA-HW-A5KM,IDH-mutant,20.7,0.0,35.0
TCGA-IK-7675,IDH-mutant,18.99,1.0,43.0
TCGA-IK-8125,IDH-mutant,42.74,0.0,62.0
TCGA-KT-A74X,IDH-mutant,14.39,0.0,26.0
TCGA-KT-A7W1,IDH-wildtype,14.39,0.0,45.0
TCGA-OX-A56R,IDH-wildtype,5.91,1.0,68.0
TCGA-P5-A5EV,IDH-mutant,0.23,0.0,39.0
TCGA-P5-A5EW,IDH-mutant,6.7,0.0,20.0
TCGA-P5-A5EX,IDH-mutant,7.98,0.0,41.0
TCGA-P5-A5EY,IDH-wildtype,2.37,0.0,21.0
TCGA-P5-A5EZ,IDH-mutant,2.3,0.0,39.0
TCGA-P5-A5F0,IDH-mutant,9.43,0.0,33.0
TCGA-P5-A5F1,IDH-mutant,5.88,0.0,30.0
TCGA-P5-A5F2,IDH-mutant,7.95,0.0,36.0
TCGA-P5-A5F4,IDH-mutant,7.59,0.0,35.0
TCGA-P5-A5F6,IDH-wildtype,1.28,0.0,26.0
TCGA-P5-A72U,IDH-wildtype,0.23,0.0,71.0
TCGA-P5-A72W,IDH-mutant,10.41,0.0,35.0
TCGA-P5-A72X,IDH-mutant,13.24,0.0,21.0
TCGA-P5-A72Z,IDH-mutant,11.63,0.0,64.0
TCGA-P5-A730,IDH-mutant,10.94,0.0,22.0
TCGA-P5-A731,IDH-mutant,9.0,0.0,59.0
TCGA-P5-A733,IDH-mutant,13.6,0.0,52.0
TCGA-P5-A735,IDH-mutant,9.59,0.0,
TCGA-P5-A736,IDH-mutant,7.56,0.0,
TCGA-P5-A737,IDH-mutant,12.22,0.0,
TCGA-P5-A77W,IDH-mutant,19.19,0.0,
TCGA-P5-A77X,IDH-mutant,3.45,0.0,
TCGA-P5-A780,IDH-mutant,2.37,0.0,
TCGA-P5-A781,IDH-mutant,4.4,0.0,
TCGA-QH-A65R,IDH-mutant,15.14,0.0,38.0
TCGA-QH-A65S,IDH-mutant,2.53,0.0,32.0
TCGA-QH-A65V,IDH-mutant,12.61,0.0,43.0
TCGA-QH-A65X,IDH-mutant,15.83,0.0,28.0
TCGA-QH-A65Z,IDH-mutant,14.03,0.0,54.0
TCGA-QH-A6CS,IDH-wildtype,19.32,0.0,41.0
TCGA-QH-A6CU,IDH-mutant,14.82,0.0,52.0
TCGA-QH-A6CV,IDH-wildtype,14.52,0.0,51.0
TCGA-QH-A6CW,IDH-mutant,13.6,0.0,43.0
TCGA-QH-A6CX,IDH-wildtype,12.22,1.0,66.0
TCGA-QH-A6CY,IDH-mutant,13.4,0.0,38.0
TCGA-QH-A6CZ,IDH-mutant,9.17,0.0,38.0
TCGA-QH-A6X3,IDH-mutant,10.28,0.0,27.0
TCGA-QH-A6X4,IDH-mutant,14.52,0.0,47.0
TCGA-QH-A6X5,IDH-mutant,16.33,0.0,58.0
TCGA-QH-A6X8,IDH-mutant,16.72,0.0,56.0
TCGA-QH-A6X9,IDH-mutant,1.91,0.0,73.0
TCGA-QH-A6XA,IDH-mutant,16.49,0.0,23.0
TCGA-QH-A6XC,IDH-wildtype,16.69,0.0,48.0
TCGA-QH-A86X,IDH-mutant,11.07,0.0,33.0
TCGA-QH-A870,IDH-mutant,12.98,0.0,38.0
TCGA-R8-A6MK,IDH-mutant,88.76,0.0,40.0
TCGA-R8-A6ML,IDH-mutant,93.96,0.0,52.0
TCGA-R8-A6MO,IDH-mutant,32.62,0.0,53.0
TCGA-R8-A73M,IDH-mutant,59.33,0.0,48.0
TCGA-RR-A6KA,IDH-wildtype,6.27,1.0,72.0
TCGA-RR-A6KC,IDH-wildtype,20.53,1.0,55.0
TCGA-RY-A83X,IDH-mutant,30.85,0.0,
TCGA-RY-A83Y,IDH-mutant,5.45,0.0,
TCGA-RY-A83Z,IDH-mutant,9.89,0.0,
TCGA-RY-A840,IDH-mutant,28.06,0.0,
TCGA-RY-A843,IDH-mutant,2.07,0.0,
TCGA-RY-A845,IDH-mutant,19.58,0.0,
TCGA-RY-A847,IDH-mutant,30.65,0.0,
TCGA-S9-A6TS,IDH-mutant,62.12,1.0,48.0
TCGA-S9-A6TU,IDH-mutant,87.06,0.0,38.0
TCGA-S9-A6TV,IDH-mutant,18.76,0.0,50.0
TCGA-S9-A6TW,IDH-mutant,41.06,0.0,40.0
TCGA-S9-A6TX,IDH-mutant,40.9,0.0,46.0
TCGA-S9-A6TY,IDH-mutant,35.35,0.0,50.0
TCGA-S9-A6TZ,IDH-mutant,36.79,0.0,39.0
TCGA-S9-A6U0,IDH-wildtype,24.38,1.0,46.0
TCGA-S9-A6U1,IDH-mutant,25.79,0.0,22.0
TCGA-S9-A6U2,IDH-mutant,29.83,0.0,48.0
TCGA-S9-A6U5,IDH-mutant,32.59,0.0,33.0
TCGA-S9-A6U6,IDH-mutant,35.12,0.0,28.0
TCGA-S9-A6U8,IDH-mutant,98.16,1.0,24.0
TCGA-S9-A6U9,IDH-mutant,95.86,0.0,36.0
TCGA-S9-A6UA,IDH-wildtype,5.85,1.0,66.0
TCGA-S9-A6UB,IDH-mutant,123.55,0.0,52.0
TCGA-S9-A6WD,IDH-mutant,75.2,0.0,58.0
TCGA-S9-A6WE,IDH-mutant,135.12,0.0,34.0
TCGA-S9-A6WG,IDH-mutant,85.48,0.0,31.0
TCGA-S9-A6WH,IDH-mutant,38.53,0.0,73.0
TCGA-S9-A6WI,IDH-mutant,84.92,0.0,56.0
TCGA-S9-A6WL,IDH-mutant,31.08,0.0,52.0
TCGA-S9-A6WM,IDH-wildtype,19.84,0.0,59.0
TCGA-S9-A6WN,IDH-mutant,26.45,0.0,38.0
TCGA-S9-A6WO,IDH-mutant,18.59,0.0,29.0
TCGA-S9-A6WP,IDH-mutant,18.63,0.0,42.0
TCGA-S9-A6WQ,IDH-mutant,14.06,0.0,57.0
TCGA-S9-A7IQ,IDH-mutant,36.1,0.0,45.0
TCGA-S9-A7IS,IDH-mutant,7.92,1.0,33.0
TCGA-S9-A7IX,IDH-wildtype,26.91,1.0,57.0
TCGA-S9-A7IY,IDH-mutant,23.49,0.0,39.0
TCGA-S9-A7IZ,IDH-mutant,19.97,0.0,48.0
TCGA-S9-A7J0,IDH-mutant,20.01,0.0,30.0
TCGA-S9-A7J1,IDH-mutant,8.18,0.0,43.0
TCGA-S9-A7J2,IDH-mutant,2.04,0.0,25.0
TCGA-S9-A7J3,IDH-mutant,20.66,0.0,52.0
TCGA-S9-A7QW,IDH-mutant,15.05,0.0,54.0
TCGA-S9-A7QX,IDH-mutant,18.53,0.0,36.0
TCGA-S9-A7QY,IDH-mutant,28.35,0.0,35.0
TCGA-S9-A7QZ,IDH-mutant,27.14,0.0,41.0
TCGA-S9-A7R1,IDH-mutant,169.71,1.0,35.0
TCGA-S9-A7R2,IDH-wildtype,10.38,1.0,69.0
TCGA-S9-A7R3,IDH-mutant,98.98,0.0,28.0
TCGA-S9-A7R4,IDH-mutant,30.03,0.0,46.0
TCGA-S9-A7R7,IDH-mutant,98.55,0.0,27.0
TCGA-S9-A7R8,IDH-mutant,31.57,1.0,44.0
TCGA-S9-A89V,IDH-wildtype,18.69,0.0,70.0
TCGA-S9-A89Z,IDH-mutant,20.47,0.0,40.0
TCGA-TM-A7C3,IDH-wildtype,54.73,1.0,43.0
TCGA-TM-A7C4,IDH-mutant,48.29,0.0,39.0
TCGA-TM-A7C5,IDH-mutant,49.28,0.0,30.0
TCGA-TM-A7CA,IDH-mutant,34.76,0.0,44.0
TCGA-TM-A7CF,IDH-mutant,65.34,0.0,41.0
TCGA-TM-A84B,IDH-wildtype,24.9,1.0,40.0
TCGA-TM-A84C,IDH-wildtype,16.16,1.0,32.0
TCGA-TM-A84F,IDH-mutant,59.0,0.0,48.0
TCGA-TM-A84G,IDH-mutant,40.6,0.0,54.0
TCGA-TM-A84H,IDH-mutant,30.42,0.0,44.0
TCGA-TM-A84I,IDH-mutant,28.06,0.0,30.0
TCGA-TM-A84J,IDH-wildtype,24.15,0.0,63.0
TCGA-TM-A84L,IDH-mutant,40.8,1.0,31.0
TCGA-TM-A84M,IDH-mutant,24.77,0.0,40.0
TCGA-TM-A84O,IDH-mutant,33.21,1.0,61.0
TCGA-TM-A84Q,IDH-mutant,25.36,0.0,31.0
TCGA-TM-A84R,IDH-mutant,18.59,0.0,46.0
TCGA-TM-A84S,IDH-mutant,14.91,0.0,36.0
TCGA-TM-A84T,IDH-mutant,23.78,0.0,19.0
TCGA-TQ-A7RF,IDH-mutant,21.35,0.0,
TCGA-TQ-A7RG,IDH-mutant,19.68,0.0,
TCGA-TQ-A7RH,IDH-mutant,15.97,0.0,
TCGA-TQ-A7RI,IDH-mutant,2.04,0.0,
TCGA-TQ-A7RJ,IDH-mutant,40.37,0.0,
TCGA-TQ-A7RK,IDH-mutant,44.05,0.0,
TCGA-TQ-A7RM,IDH-mutant,36.66,0.0,
TCGA-TQ-A7RN,IDH-mutant,33.71,0.0,
TCGA-TQ-A7RO,IDH-mutant,31.18,0.0,
TCGA-TQ-A7RP,IDH-wildtype,30.03,0.0,
TCGA-TQ-A7RQ,IDH-mutant,26.12,0.0,
TCGA-TQ-A7RR,IDH-mutant,25.85,0.0,
TCGA-TQ-A7RU,IDH-mutant,33.9,0.0,
TCGA-TQ-A7RV,IDH-mutant,61.37,0.0,
TCGA-TQ-A7RW,IDH-mutant,26.97,1.0,
TCGA-TQ-A8XE,IDH-mutant,31.34,1.0,
TCGA-VM-A8C8,IDH-mutant,45.89,0.0,50.0
TCGA-VM-A8C9,IDH-wildtype,43.17,0.0,37.0
TCGA-VM-A8CA,IDH-mutant,13.5,0.0,54.0
TCGA-VM-A8CB,IDH-mutant,0.1,0.0,33.0
TCGA-VM-A8CD,IDH-wildtype,7.88,1.0,58.0
TCGA-VM-A8CE,IDH-mutant,39.13,0.0,25.0
TCGA-VM-A8CF,IDH-mutant,20.01,0.0,
TCGA-VM-A8CH,IDH-mutant,23.46,0.0,24.0
TCGA-VV-A829,IDH-mutant,37.02,0.0,44.0
TCGA-VV-A86M,IDH-mutant,16.0,0.0,36.0
TCGA-VW-A7QS,IDH-mutant,23.19,0.0,35.0
TCGA-VW-A8FI,IDH-wildtype,8.05,1.0,66.0
TCGA-W9-A837,IDH-mutant,51.02,0.0,47.0
TCGA-WH-A86K,IDH-mutant,13.3,0.0,65.0
TCGA-WY-A858,IDH-mutant,43.92,0.0,32.0
TCGA-WY-A859,IDH-mutant,39.85,0.0,
TCGA-WY-A85A,IDH-mutant,43.36,0.0,
TCGA-WY-A85B,IDH-mutant,45.76,0.0,
TCGA-WY-A85C,IDH-mutant,46.85,0.0,
TCGA-WY-A85D,IDH-mutant,37.68,0.0,
TCGA-WY-A85E,IDH-mutant,20.8,0.0,
